Source_List,Nombre_JP,Nombre_ENG,Atributo,G-Power,Size,Weight,Rareza,URL
32mm,,眼ゃ (＜若鴻≪),Unknown,,,,,http://bakucolle.com/archives/21772469.html
32mm,眼＜祉眼ゃ (＜若鴻≪),Pyrus Dragonoid,Pyrus,440G/490G,32mm,13.0g,3.0,http://bakucolle.com/archives/11540411.html
32mm,眼＜祉眼ゃ (＜若鴻≪),Pyrus Dragonoid,Pyrus,450G/510G/600G,32mm,13.0g,5.0,http://bakucolle.com/archives/11540747.html
32mm,眼ゃ (＜若鴻≪),Dragonoid,Pyrus,480G,32mm,13.5g,8.0,http://bakucolle.com/archives/19419046.html
32mm,眼ゃ (＜若鴻≪),Dragonoid,Pyrus,610G,32mm,12.5g,6.0,http://bakucolle.com/archives/11540275.html
32mm,眼ゃ (＜若鴻≪),Dragonoid,Pyrus,400G,32mm,13.0g,6.0,http://bakucolle.com/archives/11540234.html
32mm,眼ゃ(＜若鴻≪),Dragonoid,Pyrus,,,,,http://bakucolle.com/archives/7037190.html
32mm,眼ゃ (＜若鴻≪),Dragonoid,Pyrus,G,32mm,13.0g,9.0,http://bakucolle.com/archives/25085115.html
32mm,眼＜祉眼ゃ (＜若鴻≪),Pyrus Dragonoid,Pyrus,660G,32mm,13.5g,7.0,http://bakucolle.com/archives/25025300.html
32mm,眼ゃ (＜若鴻≪),Dragonoid,Ventus,590G,32mm,13.0g,7.0,http://bakucolle.com/archives/25091382.html
32mm,眼ゃ (＜若鴻≪),Dragonoid,Subterra,550G,32mm,13.0g,7.0,http://bakucolle.com/archives/25130930.html
32mm,祉眼ゃ (＜若鴻≪),Haos Dragonoid,Haos,450G,32mm,13.0g,8.0,http://bakucolle.com/archives/27844531.html
32mm,若潟祉眼ゃ (＜若鴻≪),Darkus Dragonoid,Darkus,400G/520G,32mm,13.0g,5.0,http://bakucolle.com/archives/12941805.html
32mm,眼ゃ(＜若鴻≪),Dragonoid,Darkus,540G,32mm,14.0g,8.0,http://bakucolle.com/archives/13240100.html
32mm,帥祉眼ゃ,Delta Dragonoid,Pyrus,460G/500G,32mm,15.5g,3.0,http://bakucolle.com/archives/6749530.html
32mm,帥祉眼ゃ,Delta Dragonoid,Haos,650G,32mm,16.0g,6.0,http://bakucolle.com/archives/14883123.html
32mm,ゃ潟ｃｃ祉眼ゃ,Infinity Dragonoid,Darkus,500G,32mm,17.0g,3.0,http://bakucolle.com/archives/7388344.html
32mm,ゃ潟ｃ 祉眼ゃ,Infinity Dragonoid,Pyrus,680G,32mm,17.0g,8.0,http://bakucolle.com/archives/11543642.html
32mm,ャ,Hydranoid,Pyrus,530G,32mm,12.5g,9.0,http://bakucolle.com/archives/15923527.html
32mm,ャ,Hydranoid,Darkus,500G,32mm,12.5g,9.0,http://bakucolle.com/archives/12947888.html
32mm,若潟祉ャ≪祉ャ (≫罕),Darkus Dual Hydranoid,Darkus,450G/500G,32mm,12.5g,3.0,http://bakucolle.com/archives/12945685.html
32mm,眼＜祉ャ≪祉ャ,Pyrus Dual Hydranoid,Pyrus,380G,32mm,11.0g,6.0,http://bakucolle.com/archives/11543213.html
32mm,ャ≪祉ャ,Dual Hydranoid,Pyrus,640G,32mm,12.0g,8.0,http://bakucolle.com/archives/11543362.html
32mm,ャ≪祉ャ,Dual Hydranoid,Aquos,540G,32mm,12.0g,7.0,http://bakucolle.com/archives/20196029.html
32mm,ャ≪祉ャ,Dual Hydranoid,Ventus,400G,32mm,11.5g,7.0,http://bakucolle.com/archives/25091474.html
32mm,ャ≪祉ャ,Dual Hydranoid,Darkus,440G/450G/540G/550G,32mm,12.0g,7.0,http://bakucolle.com/archives/12946564.html
32mm,ャ≪祉ャ,Dual Hydranoid,Darkus,650G,32mm,12.0g,8.0,http://bakucolle.com/archives/12945421.html
32mm,ャ≪祉ャ,Dual Hydranoid,Darkus,420G,32mm,11.5g,7.0,http://bakucolle.com/archives/12948243.html
32mm,≪＜若祉ャ,Alpha Hydranoid,Subterra,460G/480G,32mm,17.5g,3.0,http://bakucolle.com/archives/7387758.html
32mm,≪＜若祉ャ,Alpha Hydranoid,Darkus,340G/380G,32mm,17.0g,3.0,http://bakucolle.com/archives/12945385.html
32mm,若潟祉≪＜若祉ャ,Darkus Alpha Hydranoid,Darkus,340G,32mm,13.0g,3.0,http://bakucolle.com/archives/12945090.html
32mm,≪＜若祉ャ,Alpha Hydranoid,Pyrus,800G,32mm,17.5g,8.0,http://bakucolle.com/archives/11543545.html
32mm,≪＜若祉ャ,Alpha Hydranoid,Pyrus,600G,32mm,13.0g,8.0,http://bakucolle.com/archives/11543438.html
32mm,≪＜若祉ャ,Alpha Hydranoid,Subterra,460G/650G,32mm,17.5g,6.0,http://bakucolle.com/archives/25130579.html
32mm,≪＜若祉ャ,Alpha Hydranoid,Darkus,670G,32mm,17.5g,8.0,http://bakucolle.com/archives/12945274.html
32mm,≪＜若祉ャ,Alpha Hydranoid,Darkus,600G,32mm,13.0g,8.0,http://bakucolle.com/archives/12944820.html
32mm,≪＜若ャ,Alpha Hydranoid,Darkus,,,,,http://bakucolle.com/archives/7037374.html
32mm,≪＜若祉ャ,Alpha Hydranoid,Darkus,G,32mm,12.5g,9.0,http://bakucolle.com/archives/25085206.html
32mm,ｃ違,Tigrerra,Aquos,540G,32mm,13.5g,8.0,http://bakucolle.com/archives/20195987.html
32mm,ｃ違,Tigrerra,Ventus,500G,32mm,13.0g,8.0,http://bakucolle.com/archives/25091418.html
32mm,祉ｃ違,Haos Tigrerra,Haos,450G/510G/590G,32mm,13.5g,6.0,http://bakucolle.com/archives/14880897.html
32mm,ｃ違,Tigrerra,Unknown,540G/580G,32mm,13.5g,6.0,http://bakucolle.com/archives/14880870.html
32mm,ｃ違,Tigrerra,Unknown,580G,32mm,14.0g,6.0,http://bakucolle.com/archives/27844357.html
32mm,若祉ｃ違,Blade Tigrerra,Haos,340G/400G,32mm,13.5g,3.0,http://bakucolle.com/archives/14883547.html
32mm,眼＜祉若祉ｃ違,Pyrus Blade Tigrerra,Pyrus,470G/520G,32mm,13.0g,6.0,http://bakucolle.com/archives/11543021.html
32mm,若ｃ鴻祉若祉ｃ違,Ventus Blade Tigrerra,Ventus,350G/450G/490G/,32mm,13.0g,5.0,http://bakucolle.com/archives/25090693.html
32mm,若祉ｃ違,Blade Tigrerra,Subterra,550G/580G,32mm,14.0g,5.0,http://bakucolle.com/archives/25131012.html
32mm,祉若祉ｃ違,Haos Blade Tigrerra,Haos,440G/480G/590G/600G,32mm,14.0g,6.0,http://bakucolle.com/archives/14883367.html
32mm,若祉ｃ違,Blade Tigrerra,Haos,500G,32mm,14.0g,7.0,http://bakucolle.com/archives/14883433.html
32mm,若祉ｃ違,Blade Tigrerra,Darkus,420G,32mm,14.0g,8.0,http://bakucolle.com/archives/12948001.html
32mm,≪≪祉帥,Aquos Preyas,Aquos,540G,32mm,11.5g,7.0,http://bakucolle.com/archives/20194891.html
32mm,帥,Preyas,Aquos,550G,32mm,11.5g,8.0,http://bakucolle.com/archives/20196508.html
32mm,若ｃ鴻祉帥,Ventus Preyas,Ventus,550G,32mm,11.5g,8.0,http://bakucolle.com/archives/29654742.html
32mm,祉帥,Haos Preyas,Haos,470G,32mm,11.0g,8.0,http://bakucolle.com/archives/14881423.html
32mm,帥,Preyas,Haos,520G,32mm,11.5g,8.0,http://bakucolle.com/archives/14881265.html
32mm,帥若祉ｃ≪,Preyas Diablo,Aquos,380G,32mm,11.0g,3.0,http://bakucolle.com/archives/20194984.html
32mm,≪≪祉帥若祉ｃ≪,Aquos Preyas Diablo,Aquos,340G/500G/610G,32mm,11.0g,6.0,http://bakucolle.com/archives/20196202.html
32mm,帥若祉ｃ≪,Preyas diablo,Aquos,470G/590G,32mm,11.0g,8.0,http://bakucolle.com/archives/20196548.html
32mm,帥若祉ｃ≪,Preyas Diablo,Aquos,540G,32mm,11.0g,6.0,http://bakucolle.com/archives/20196383.html
32mm,≪≪祉帥若祉ｃ≪,Aquos Preyas Diablo,Aquos,400G,32mm,11.0g,8.0,http://bakucolle.com/archives/20196400.html
32mm,≪≪祉帥若祉ｃ≪,Aquos Preyas Diablo,Aquos,630G,32mm,11.0g,7.0,http://bakucolle.com/archives/13000625.html
32mm,泣祉帥若祉ｃ≪,Subterra Preyas Diablo,Subterra,400G.480G/500G/520G,32mm,10.5g,6.0,http://bakucolle.com/archives/25131042.html
32mm,帥若祉ｃ≪,Preyas Diablo,Haos,350G/480G,32mm,11.0g,6.0,http://bakucolle.com/archives/14881816.html
32mm,若潟祉帥若祉ｃ≪,Darkus Preyas Diablo,Darkus,480G/550G/580G/600G/610G,32mm,11.0g,6.0,http://bakucolle.com/archives/12942235.html
32mm,,Preyas,Aquos,460G-360G/480G-280G,32mm,13.0g,3.0,http://bakucolle.com/archives/7390447.html
32mm,,Preyas,Ventus,(450G-650G),32mm,13.0g,7.0,http://bakucolle.com/archives/25102021.html
32mm,,Preyas,Subterra,(300G-720G),32mm,13.5g,7.0,http://bakucolle.com/archives/25131027.html
32mm,,Preyas,Haos,(410G-640G),32mm,13.0g,6.0,http://bakucolle.com/archives/14881974.html
32mm,,Preyas,Darkus,(510G-680G),32mm,13.0g,7.0,http://bakucolle.com/archives/15921963.html
32mm,若ｃ鴻祉с,Ventus Skyress,Ventus,500G,32mm,12.5g,8.0,http://bakucolle.com/archives/25091463.html
32mm,с,Skyress,Aquos,530G,32mm,12.5g,8.0,http://bakucolle.com/archives/20196720.html
32mm,с,Skyress,Ventus,510G,32mm,12.5g,8.0,http://bakucolle.com/archives/25091787.html
32mm,鴻若祉с,Storm Skyress,Ventus,340G/380G,32mm,14.0g,3.0,http://bakucolle.com/archives/25091296.html
32mm,眼＜祉鴻若祉с,Pyrus Storm Skyress,Pyrus,370G/570G/600G,32mm,13.5g,6.0,http://bakucolle.com/archives/11543033.html
32mm,≪≪祉鴻若祉с,Aquos Storm Skyress,Aquos,560G,32mm,14.0g,5.0,http://bakucolle.com/archives/27834677.html
32mm,鴻若祉с,Storm skyress,Aquos,600G,32mm,12.5g,8.0,http://bakucolle.com/archives/20196753.html
32mm,若ｃ鴻祉鴻若祉с,Ventus Storm Skyress,Ventus,360G/390G/450G/500G,32mm,14.0g,5.0,http://bakucolle.com/archives/25091277.html
32mm,鴻若祉с,Storm skyress,Ventus,600G,32mm,14.0g,8.0,http://bakucolle.com/archives/25091770.html
32mm,若ｃ鴻祉鴻若祉с,Ventus Storm Skyress,Ventus,630G,32mm,13.5g,7.0,http://bakucolle.com/archives/25091717.html
32mm,若ｃ鴻祉鴻若祉с,Ventus Storm Skyress,Ventus,G,32mm,14.0g,7.0,http://bakucolle.com/archives/27834681.html
32mm,泣祉鴻若祉с,Subterra Storm Skyress,Subterra,520G,32mm,13.5g,5.0,http://bakucolle.com/archives/29654328.html
32mm,鴻若祉с,Storm Skyress,Haos,350G,32mm,13.5g,6.0,http://bakucolle.com/archives/14882858.html
32mm,若鴻祉鴻若祉с,Darkus Storm Skyress,Darkus,500G,32mm,14.0g,8.0,http://bakucolle.com/archives/26832821.html
32mm,眼若,Gorem,Aquos,480G,32mm,11.5g,8.0,http://bakucolle.com/archives/20195901.html
32mm,泣祉眼若,Subterra Gorem,Subterra,450G/530G/610G/670G,32mm,11.5g,5.0,http://bakucolle.com/archives/25130976.html
32mm,若潟祉眼若,Darkus Gorem,Darkus,520G,32mm,11.5g,8.0,http://bakucolle.com/archives/27379895.html
32mm,眼若,Gorem,Unknown,510G,32mm,12.0g,8.0,http://bakucolle.com/archives/29334652.html
32mm,潟若祉眼若,Hammer Gorem,Subterra,340G,32mm,12.5g,3.0,http://bakucolle.com/archives/25130589.html
32mm,潟若祉眼若,Hammer Gorem,Pyrus,420G/580G/670G,32mm,12.5g,5.0,http://bakucolle.com/archives/11541693.html
32mm,≪≪祉潟若祉眼若,Aquos Hammer Gorem,Aquos,480G,32mm,12.0g,8.0,http://bakucolle.com/archives/29334721.html
32mm,潟若祉眼若,Hammer Gorem,Aquos,350G,32mm,12.5g,8.0,http://bakucolle.com/archives/20196162.html
32mm,潟若祉眼若,Hammer Gorem,Subterra,380G/400G/480G/610G,32mm,12.5g,4.0,http://bakucolle.com/archives/25130611.html
32mm,泣祉潟若祉眼若,Subterra Hammer Gorem,Subterra,580G,32mm,12.5g,7.0,http://bakucolle.com/archives/19418072.html
32mm,潟若祉眼若,Hammer Gorem,Haos,400G/460G/530G,32mm,12.5g,5.0,http://bakucolle.com/archives/14881768.html
32mm,潟若祉眼若,Hammer Gorem,Darkus,600G,32mm,12.5g,5.0,http://bakucolle.com/archives/15921997.html
32mm,泣祉祉潟若,Subterra Centipoid,Subterra,340G/500G,32mm,11.0g,4.0,http://bakucolle.com/archives/25130096.html
32mm,眼＜祉祉潟若,Pyrus Centipoid,Pyrus,520G/540G/620G,32mm,11.0g,7.0,http://bakucolle.com/archives/27379411.html
32mm,眼＜祉祉潟若,Pyrus Centipoid,Pyrus,540G,32mm,11.5g,7.0,http://bakucolle.com/archives/26572819.html
32mm,若ｃ鴻祉祉潟若,Ventus Centipoid,Ventus,650G,32mm,11.0g,8.0,http://bakucolle.com/archives/27379448.html
32mm,祉潟若,Centipoid,Subterra,450G,32mm,11.0g,6.0,http://bakucolle.com/archives/25130078.html
32mm,祉潟若,Centipoid,Darkus,600G/630G,32mm,11.0g,6.0,http://bakucolle.com/archives/15922109.html
32mm,若ｃ鴻祉帥,Ventus Falconeer,Ventus,260G,32mm,12.0g,4.0,http://bakucolle.com/archives/25090817.html
32mm,≪≪祉激ャ,Aquos Fear ripper,Aquos,240G,32mm,12.0g,3.0,http://bakucolle.com/archives/20195190.html
32mm,若ｃ鴻祉激ャ,Ventus Fear Ripper,Ventus,530G/550G,32mm,12.0g,8.0,http://bakucolle.com/archives/27844474.html
32mm,激ャ,Fear Ripper,Haos,470G,32mm,12.0g,6.0,http://bakucolle.com/archives/15922780.html
32mm,若潟祉激ャ,Darkus Fear Ripper,Darkus,610G,32mm,12.0g,8.0,http://bakucolle.com/archives/29335166.html
32mm,泣祉吾ｃ若若,Subterra Juggernoid,Subterra,340G/380G/540G,32mm,11.0g,4.0,http://bakucolle.com/archives/25130460.html
32mm,吾ｃ若若,Juggernoid,Pyrus,500G/540G,32mm,11.5g,5.0,http://bakucolle.com/archives/11542514.html
32mm,吾ｃ若若,Juggernoid,Ventus,450G/590G,32mm,11.5g,5.0,http://bakucolle.com/archives/13000285.html
32mm,吾ｃ若若,Juggernoid,Subterra,500G/570G,32mm,11.5g,5.0,http://bakucolle.com/archives/25130476.html
32mm,≪≪祉若吟若,Aquos Laserman,Aquos,440G,32mm,11.0g,3.0,http://bakucolle.com/archives/20195343.html
32mm,眼＜祉若吟若,Pyrus Laserman,Pyrus,300G/460G/480G/490G/580G,32mm,10.5g,6.0,http://bakucolle.com/archives/11540969.html
32mm,眼＜祉若吟若,Pyrus Laserman,Pyrus,470G,32mm,11.0g,6.0,http://bakucolle.com/archives/11540191.html
32mm,若ｃ鴻祉若吟若,Ventus Laserman,Ventus,300G/490G/530G,32mm,11.0g,6.0,http://bakucolle.com/archives/25091007.html
32mm,若吟若,Laserman,Ventus,390G,32mm,11.0g,6.0,http://bakucolle.com/archives/25091650.html
32mm,祉若吟若,Haos Laserman,Haos,400G/460G/480G,32mm,10.5g,6.0,http://bakucolle.com/archives/14881604.html
32mm,若吟若,Laserman,Darkus,520G,32mm,11.0g,6.0,http://bakucolle.com/archives/12938522.html
32mm,≪≪祉激с,Aquos Reaper,Aquos,380G,32mm,12.0g,3.0,http://bakucolle.com/archives/20195275.html
32mm,≪≪祉激с,Aquos Reaper,Aquos,500G,32mm,13.0g,9.0,http://bakucolle.com/archives/27361803.html
32mm,激с,Reaper,Subterra,560G,32mm,12.0g,8.0,http://bakucolle.com/archives/25130253.html
32mm,若潟祉激с,Darkus Reaper,Darkus,490G,32mm,12.0g,8.0,http://bakucolle.com/archives/29335186.html
32mm,≪≪祉違,Aquos Griffon,Aquos,450G,32mm,12.5g,3.0,http://bakucolle.com/archives/20195143.html
32mm,違,Griffon,Ventus,470G/530G,32mm,13.0g,5.0,http://bakucolle.com/archives/25090991.html
32mm,違,Griffon,Ventus,430G,32mm,13.0g,6.0,http://bakucolle.com/archives/25091623.html
32mm,違,Griffon,Haos,450G,32mm,13.0g,5.0,http://bakucolle.com/archives/14881678.html
32mm,違,Griffon,Darkus,400G/550G,32mm,12.5g,5.0,http://bakucolle.com/archives/12938457.html
32mm,純,Robotallion,Pyrus,480G/510G,32mm,13.0g,6.0,http://bakucolle.com/archives/11542945.html
32mm,純,Robotallion,Aquos,570G,32mm,12.5g,6.0,http://bakucolle.com/archives/20195646.html
32mm,若ｃ鴻祉純,Ventus Robotallion,Ventus,480G,32mm,12.0g,8.0,http://bakucolle.com/archives/27379598.html
32mm,泣祉純,Sbuterra Robotallion,Subterra,500G,32mm,12.0g,8.0,http://bakucolle.com/archives/27379600.html
32mm,祉純,Haos Robotallion,Haos,450G,32mm,12.0g,8.0,http://bakucolle.com/archives/27379635.html
32mm,≪≪祉吟,Aquos Saurus,Aquos,450G/620G,32mm,12.5g,5.0,http://bakucolle.com/archives/20195859.html
32mm,吟,Saurus,Haos,570G,32mm,13.0g,5.0,http://bakucolle.com/archives/14881011.html
32mm,吟,Saurus,Unknown,570G,32mm,13.0g,5.0,http://bakucolle.com/archives/14880984.html
32mm,泣祉泣若潟,Subterra Serpenoid,Subterra,330G/420G,32mm,11.0g,4.0,http://bakucolle.com/archives/25130389.html
32mm,泣若潟,Serpenoid,Pyrus,330G,32mm,11.0g,5.0,http://bakucolle.com/archives/11542854.html
32mm,若ｃ鴻祉泣若潟,Ventus Serpenoid,Ventus,330G,32mm,11.0g,5.0,http://bakucolle.com/archives/29654394.html
32mm,泣若潟,Serpenoid,Subterra,290G/540G,32mm,10.5g,5.0,http://bakucolle.com/archives/25130417.html
32mm,祉泣若潟,Haos Serpenoid,Haos,460G/500G,32mm,10.5g,5.0,http://bakucolle.com/archives/14881473.html
32mm,若潟祉泣若潟,Darkus Serpenoid,Darkus,550G,32mm,11.0g,8.0,http://bakucolle.com/archives/27379747.html
32mm,泣祉鴻潟若,Subterra Stinglash,Subterra,430g/480G/500G,32mm,11.0g,4.0,http://bakucolle.com/archives/25130666.html
32mm,眼＜祉鴻潟若,Pyrus Stinglash,Pyrus,330G/400G/510G/620G,32mm,10.5g,5.0,http://bakucolle.com/archives/11542445.html
32mm,≪≪祉鴻潟若,Aquos Stinglash,Aquos,440G/540G,32mm,11.0g,5.0,http://bakucolle.com/archives/20195956.html
32mm,鴻潟若,Stinglash,Ventus,440G,32mm,11.5g,5.0,http://bakucolle.com/archives/25090912.html
32mm,鴻潟若,Stinglash,Subterra,280G,32mm,11.0g,5.0,http://bakucolle.com/archives/25130693.html
32mm,泣祉鴻潟若,Subterra Stinglash,Subterra,420G,32mm,11.0g,5.0,http://bakucolle.com/archives/29334526.html
32mm,鴻潟若,Stinglash,Haos,420G,32mm,11.0g,5.0,http://bakucolle.com/archives/14882290.html
32mm,鴻潟若,Stinglash,Darkus,440G/540G,32mm,11.0g,5.0,http://bakucolle.com/archives/12938295.html
32mm,鴻潟若,Stinglash,Darkus,390G,32mm,13.0g,7.0,http://bakucolle.com/archives/12948208.html
32mm,泣祉泣ゃ,Subterra Cycloid,Subterra,440G,32mm,12.0g,8.0,http://bakucolle.com/archives/25130643.html
32mm,眼＜祉泣ゃ,Pyrus Cycloid,Pyrus,510G,32mm,12.0g,8.0,http://bakucolle.com/archives/25025434.html
32mm,泣祉若眼ゃ,Subterra Gargonoid,Subterra,380G/480G,32mm,12.0g,4.0,http://bakucolle.com/archives/25130618.html
32mm,若眼ゃ,Gargonoid,Pyrus,520G,32mm,11.5g,5.0,http://bakucolle.com/archives/11542469.html
32mm,若ｃ鴻祉若眼ゃ,Ventus Gargonoid,Ventus,560G,32mm,12.0g,5.0,http://bakucolle.com/archives/29334533.html
32mm,泣祉若眼ゃ,Subterra Gargonoid,Subterra,430G/520G,32mm,12.0g,5.0,http://bakucolle.com/archives/25130621.html
32mm,若眼ゃ,Gargonoid,Haos,560G,32mm,12.0g,5.0,http://bakucolle.com/archives/14882745.html
32mm,潟ｃ,Mantris,Ventus,200G/540G,32mm,12.5g,4.0,http://bakucolle.com/archives/25091249.html
32mm,潟ｃ,Mantris,Ventus,550G,32mm,12.5g,5.0,http://bakucolle.com/archives/25091205.html
32mm,潟ｃ,Mantris,Subterra,450G,32mm,12.5g,8.0,http://bakucolle.com/archives/25131068.html
32mm,潟ｃ,Mantris,Darkus,570G,32mm,12.5g,8.0,http://bakucolle.com/archives/12940595.html
32mm,眼＜祉若,Pyrus Terrorclaw,Pyrus,520G/540G,32mm,12.5g,4.0,http://bakucolle.com/archives/11542127.html
32mm,眼＜祉若,Terrorclaw,Pyrus,380G,32mm,10.5g,5.0,http://bakucolle.com/archives/11542225.html
32mm,若,Terrorclaw,Aquos,460G,32mm,10.5g,5.0,http://bakucolle.com/archives/17961458.html
32mm,若ｃ鴻祉若,Ventus Terrorclaw,Ventus,650G,32mm,12.0g,8.0,http://bakucolle.com/archives/26572835.html
32mm,泣祉若,Subterra Terrorclaw,Subterra,460G,32mm,12.5g,8.0,http://bakucolle.com/archives/27379827.html
32mm,若,Terrorclaw,Subterra,470G,32mm,13.0g,5.0,http://bakucolle.com/archives/25130836.html
32mm,祉若,Haos Terrorclaw,Haos,500G/540G,32mm,12.5g,6.0,http://bakucolle.com/archives/27379852.html
32mm,若,Terrorclaw,Darkus,600G,32mm,12.5g,8.0,http://bakucolle.com/archives/12939231.html
32mm,≪≪祉＜潟,Aquos Tuskor,Aquos,530G,32mm,11.0g,5.0,http://bakucolle.com/archives/29334614.html
32mm,若ｃ鴻祉＜潟,Ventus Tuskor,Ventus,450G,32mm,11.0g,8.0,http://bakucolle.com/archives/25091333.html
32mm,若潟祉＜潟,Darkus Tuskor,Darkus,560G,32mm,11.5g,9.0,http://bakucolle.com/archives/12938841.html
32mm,ゃ,Siege,Subterra,500G,28mm,12.5g,9.0,http://bakucolle.com/archives/25131060.html
32mm,眼＜祉鴻ｃ潟,Pyrus Manion,Pyrus,630G,28mm,12.0g,8.0,http://bakucolle.com/archives/29334836.html
32mm,祉吾ｃ,Haos Hynoid,Haos,600G,32mm,12.5g,9.0,http://bakucolle.com/archives/15922935.html
32mm,祉,Haos Limulus,Haos,480G,32mm,11.5g,3.0,http://bakucolle.com/archives/14883672.html
32mm,眼＜祉,Pyrus Limulus,Pyrus,350G/500G/510G,32mm,11.0g,5.0,http://bakucolle.com/archives/11541473.html
32mm,,Limulus,Pyrus,500G/570G,32mm,12.5g,7.0,http://bakucolle.com/archives/19418591.html
32mm,≪≪祉,Aquos Limulus,Aquos,380G/600G,32mm,11.0g,5.0,http://bakucolle.com/archives/20195507.html
32mm,若ｃ鴻祉,Ventus Limulus,Ventus,370G/450G/510G/540G/580G,32mm,11.0g,5.0,http://bakucolle.com/archives/25090886.html
32mm,祉,Haos Limulus,Haos,310G/440G/580G,32mm,11.0g,5.0,http://bakucolle.com/archives/14883786.html
32mm,若潟祉,Darkus Ravenoid,Darkus,470G/480G,32mm,12.0g,3.0,http://bakucolle.com/archives/12941741.html
32mm,眼＜祉,Pyrus Ravenoid,Pyrus,320G/430G/520G/550G,32mm,10.5g,5.0,http://bakucolle.com/archives/11541955.html
32mm,眼＜祉,Pyrus Ravenoid,Pyrus,470G,32mm,11.0g,6.0,http://bakucolle.com/archives/27380489.html
32mm,≪≪祉,Aquos Ravenoid,Aquos,320G,32mm,10.5g,5.0,http://bakucolle.com/archives/26571889.html
32mm,若ｃ鴻祉,Ventus Ravenoid,Ventus,340G/490G/600G,32mm,10.5g,5.0,http://bakucolle.com/archives/25091025.html
32mm,,Ravenoid,Haos,350G/460G,32mm,10.5g,5.0,http://bakucolle.com/archives/14882785.html
32mm,祉,Haso Ravenoid,Haos,600G,32mm,10.5g,7.0,http://bakucolle.com/archives/29334474.html
32mm,若潟祉,Darkus Ravenoid,Darkus,380G\500G/530G,32mm,10.5g,5.0,http://bakucolle.com/archives/12941624.html
32mm,≪≪祉鴻潟祉,Spin Ravenoid,Aquos,630G,32mm,13.5g,6.0,http://bakucolle.com/archives/20333062.html
32mm,若ｃ鴻祉鴻潟祉,Ventus Spin Ravenoid,Ventus,650G,32mm,13.5g,6.0,http://bakucolle.com/archives/25091136.html
32mm,鴻潟祉,Spin Ravenoid,Subterra,650G,32mm,13.5g,6.0,http://bakucolle.com/archives/25130738.html
32mm,鴻潟祉,Spin Ravenoid,Darkus,610G,32mm,13.5g,6.0,http://bakucolle.com/archives/12940506.html
32mm,眼＜祉違≪,Pyrus Warius,Pyrus,370G/650G,32mm,11.5g,5.0,http://bakucolle.com/archives/11541091.html
32mm,違≪,Warius,Pyrus,400G,32mm,11.0g,6.0,http://bakucolle.com/archives/11540021.html
32mm,違≪,Warius,Ventus,510G,32mm,11.5g,5.0,http://bakucolle.com/archives/25090830.html
32mm,違≪,Warius,Subterra,600G,32mm,11.5g,5.0,http://bakucolle.com/archives/25130774.html
32mm,違≪,Warius,Haos,300G/460G,32mm,11.5g,5.0,http://bakucolle.com/archives/14882180.html
32mm,違≪,Warius,Darkus,450G/490G,32mm,11.5g,5.0,http://bakucolle.com/archives/12940870.html
32mm,泣祉若,Subterra Wormquake,Subterra,430G,32mm,10.5g,4.0,http://bakucolle.com/archives/25130358.html
32mm,若,Wormquake,Aquos,410G/500G/580G,32mm,10.5g,5.0,http://bakucolle.com/archives/20195582.html
32mm,泣祉若,Subterra Wormquake,Subterra,350G/400G/650G,32mm,10.5g,5.0,http://bakucolle.com/archives/25130364.html
32mm,若,Wormquake,Haos,440G,32mm,10.0g,5.0,http://bakucolle.com/archives/14882216.html
32mm,祉若,Haos Wormquake,Haos,510G,32mm,10.5g,5.0,http://bakucolle.com/archives/27379247.html
32mm,若潟祉若,Darkus Wormquake,Darkus,400G/620G,32mm,10.5g,5.0,http://bakucolle.com/archives/12941919.html
32mm,若,Wormquake,Darkus,390G,32mm,10.0g,8.0,http://bakucolle.com/archives/12948086.html
32mm,若ｃ鴻祉若祉鴻ゃ,Ventus Bee Striker,Ventus,270G/470G,32mm,11.5g,4.0,http://bakucolle.com/archives/25101822.html
32mm,眼＜祉若祉鴻ゃ,Pyrus Bee Striker,Pyrus,550G,32mm,11.5g,5.0,http://bakucolle.com/archives/26571982.html
32mm,≪≪祉若祉鴻ゃ,Aquos Bee Striker,Aquos,430G,32mm,11.0g,6.0,http://bakucolle.com/archives/29654250.html
32mm,≪≪祉若祉鴻ゃ,Aquos Bee Striker,Aquos,830G,32mm,11.5g,5.0,http://bakucolle.com/archives/29334501.html
32mm,若祉鴻ゃ,Bee Striker,Ventus,380G/480G,32mm,11.5g,5.0,http://bakucolle.com/archives/25101852.html
32mm,若祉鴻ゃ,Bee Striker,Ventus,430G/490G,32mm,11.5g,6.0,http://bakucolle.com/archives/25101862.html
32mm,若ｃ鴻祉若祉鴻ゃ,Ventus Bee Striker,Ventus,550G,32mm,11.5g,5.0,http://bakucolle.com/archives/26571954.html
32mm,若祉鴻ゃ,Bee Striker,Subterra,570G,32mm,11.5g,5.0,http://bakucolle.com/archives/25130208.html
32mm,若祉鴻ゃ,Bee Striker,Haos,430G/500G,32mm,11.5g,6.0,http://bakucolle.com/archives/14882032.html
32mm,祉祉潟潟,Haos El Condor,Haos,350G/450G,32mm,11.5g,3.0,http://bakucolle.com/archives/14884482.html
32mm,≪≪祉祉潟潟,Aquos El Condor,Aquos,530G/600g,32mm,11.5g,5.0,http://bakucolle.com/archives/27379538.html
32mm,若ｃ鴻祉祉潟潟,Ventus El Condor,Ventus,480G/660G,32mm,11.5g,5.0,http://bakucolle.com/archives/25090861.html
32mm,若ｃ鴻祉祉潟潟,Ventus El Condor,Ventus,390G,32mm,11.5g,6.0,http://bakucolle.com/archives/26572089.html
32mm,泣祉祉潟潟,Subterra El Condor,Subterra,470G,32mm,11.5g,5.0,http://bakucolle.com/archives/25130717.html
32mm,若潟祉祉潟潟,Darkus El Condor,Darkus,340G,32mm,11.0g,5.0,http://bakucolle.com/archives/12939650.html
32mm,若ｃ鴻祉祉潟潟,Ventus El Condor,Unknown,G,32mm,12.0g,7.0,http://bakucolle.com/archives/27834707.html
32mm,眼＜祉≪激ャ,Pyrus Fortress,Pyrus,560G,32mm,11.0g,4.0,http://bakucolle.com/archives/11541813.html
32mm,若潟祉≪激ャ,Darkus Fortress,Darkus,480G/500G,32mm,10.5g,3.0,http://bakucolle.com/archives/12941101.html
32mm,眼＜祉≪激ャ,Pyrus Fortress,Pyrus,520G/550G/680G,32mm,12.5g,5.0,http://bakucolle.com/archives/11541847.html
32mm,≪激ャ,Fortress,Aquos,470G/550G,32mm,11.0g,5.0,http://bakucolle.com/archives/20195816.html
32mm,若ｃ鴻祉≪激ャ,Ventus Fortress,Ventus,600G,32mm,11.0g,7.0,http://bakucolle.com/archives/26572264.html
32mm,祉≪激ャ,Haos Fortress,Haos,450G,32mm,11.0g,7.0,http://bakucolle.com/archives/27379908.html
32mm,若潟祉≪激ャ,Darkus Fortress,Darkus,370G/500G/630G/640G,32mm,11.0g,5.0,http://bakucolle.com/archives/12941220.html
32mm,若潟祉≪激ャ,Darkus Fortress,Darkus,650G,32mm,11.5g,7.0,http://bakucolle.com/archives/12941474.html
32mm,若潟祉≪激ャ,Darkus Fortress,Darkus,420G,32mm,11.0g,7.0,http://bakucolle.com/archives/26572292.html
32mm,≪激ャ,Fortress,Unknown,550G,32mm,12.0g,8.0,http://bakucolle.com/archives/26572316.html
32mm,祉若,HaosHarpus,Haos,460G,32mm,11.5g,3.0,http://bakucolle.com/archives/14884682.html
32mm,眼＜祉若,Pyrus Harpus,Pyrus,400G/550G,32mm,11.5g,5.0,http://bakucolle.com/archives/26572031.html
32mm,若,Harpus,Aquos,480G/520G,32mm,11.5g,5.0,http://bakucolle.com/archives/20195703.html
32mm,若ｃ鴻祉若,Ventus Harpus,Ventus,300G/580G/610G,32mm,11.0g,5.0,http://bakucolle.com/archives/13000137.html
32mm,泣祉若,Subterra Harpus,Subterra,480G/500G,32mm,11.0g,6.0,http://bakucolle.com/archives/27379500.html
32mm,祉若,Haos Harpus,Haos,570G,32mm,11.0g,5.0,http://bakucolle.com/archives/29334543.html
32mm,若潟祉若,Darkus Harpus,Darkus,450G/620G,32mm,11.5g,5.0,http://bakucolle.com/archives/12940798.html
32mm,若ｃ鴻祉≪,Ventus Monarus,Ventus,380G,32mm,12.0g,3.0,http://bakucolle.com/archives/25091076.html
32mm,≪,Monarus,Pyrus,340G/560G,32mm,12.0g,5.0,http://bakucolle.com/archives/11542695.html
32mm,≪,Monarus,Aquos,570G,32mm,12.5g,9.0,http://bakucolle.com/archives/25036066.html
32mm,≪,Monarus,Ventus,410G/560G,32mm,12.0g,5.0,http://bakucolle.com/archives/25091067.html
32mm,≪(с≪),Monarus,Ventus,440G,32mm,11.5g,7.0,http://bakucolle.com/archives/6963606.html
32mm,泣祉≪,Subterra Monarus,Subterra,490G/640G,32mm,12.0g,5.0,http://bakucolle.com/archives/29334587.html
32mm,若潟祉≪,Moonlit Monarus,Haos,G,32mm,13.0g,7.0,http://bakucolle.com/archives/14882912.html
32mm,泣祉ゃ,Subterra Rattleoid,Subterra,400G,32mm,11.0g,4.0,http://bakucolle.com/archives/25130041.html
32mm,眼＜祉ゃ,Pyrus Rattleoid,Pyrus,560G/580G,32mm,11.5g,5.0,http://bakucolle.com/archives/11542829.html
32mm,ゃ,Rattleoid,Aquos,450G/490G,32mm,11.0g,6.0,http://bakucolle.com/archives/20195717.html
32mm,泣祉ゃ,Subterra Rattleoid,Subterra,420G/430G/550G,32mm,11.0g,6.0,http://bakucolle.com/archives/13000149.html
32mm,祉ゃ,Haos Rattleoid,Haos,380G/610G/850G,32mm,11.5g,6.0,http://bakucolle.com/archives/14881140.html
32mm,ゃ,Rattleoid,Darkus,630G,32mm,11.5g,6.0,http://bakucolle.com/archives/12938939.html
32mm,ゃ,Rattleoid,Unknown,530G,32mm,11.0g,7.0,http://bakucolle.com/archives/14881087.html
32mm,≪≪祉祉ゃ若,Aquso Sirenoid,Aquos,250G,32mm,12.0g,3.0,http://bakucolle.com/archives/20195389.html
32mm,眼＜祉祉ゃ若,Pyrus Sirenoid,Pyrus,560G,32mm,12.0g,8.0,http://bakucolle.com/archives/29334795.html
32mm,≪≪祉祉ゃ若,Aquos Sirenoid,Aquos,450G/460G,32mm,11.5g,5.0,http://bakucolle.com/archives/20195795.html
32mm,祉ゃ若,Sirenoid,Subterra,530G/540G,32mm,12.0g,5.0,http://bakucolle.com/archives/25130817.html
32mm,祉ゃ若,Sirenoid,Haos,480G,32mm,12.0g,5.0,http://bakucolle.com/archives/14882245.html
32mm,若潟祉祉ゃ若,Darkus Sirenoid,Darkus,440G/550G,32mm,12.0g,5.0,http://bakucolle.com/archives/12942035.html
32mm,若ｃ鴻祉激ｃ,Ventus Tentaclear,Ventus,260G/460G,32mm,12.0g,3.0,http://bakucolle.com/archives/25090547.html
32mm,激ｃ,Tentaclear,Darkus,520G,32mm,12.0g,3.0,http://bakucolle.com/archives/12939562.html
32mm,眼＜祉激ｃ,Pyrus Tentaclear,Pyrus,450G/580G,32mm,11.0g,6.0,http://bakucolle.com/archives/11542769.html
32mm,激ｃ,Tentaclear,Aquos,400G/600G,32mm,12.0g,6.0,http://bakucolle.com/archives/13000298.html
32mm,若ｃ鴻祉激ｃ,Ventus Tentaclear,Ventus,500G/530G,32mm,11.5g,6.0,http://bakucolle.com/archives/25090505.html
32mm,泣祉激ｃ,Subterra Tentaclear,Subterra,460G/590G,32mm,11.5g,6.0,http://bakucolle.com/archives/27844434.html
32mm,祉激ｃ,Haos Tentaclear,Haos,280G/550G,32mm,12.0g,6.0,http://bakucolle.com/archives/14882119.html
32mm,眼＜祉＜若,Pyrus Apollonir,Pyrus,360G/380G,32mm,10.5g,2.0,http://bakucolle.com/archives/11541597.html
32mm,眼＜祉＜若,Pyrus Apollonir,Pyrus,380G/700G,32mm,11.0g,5.0,http://bakucolle.com/archives/11541643.html
32mm,＜若,Apollonir,Pyrus,650G,32mm,10.5g,8.0,http://bakucolle.com/archives/14732951.html
32mm,＜若,Apollonir,Pyrus,500G,32mm,11.0g,5.0,http://bakucolle.com/archives/11541291.html
32mm,≪≪祉＜若,Aquos Apollonir,Aquos,530G,32mm,11.0g,8.0,http://bakucolle.com/archives/27380577.html
32mm,＜若,Apollonir,Ventus,500G/650G,32mm,10.0g,5.0,http://bakucolle.com/archives/25090473.html
32mm,＜若,Apollonir,Subterra,450G,32mm,11.0g,5.0,http://bakucolle.com/archives/25130189.html
32mm,泣祉＜若,Subterra Apollonir,Subterra,660G,32mm,10.5g,7.0,http://bakucolle.com/archives/27380735.html
32mm,＜若,Apollonir,Haos,480G/580G,32mm,11.0g,5.0,http://bakucolle.com/archives/14883252.html
32mm,＜若,Apollonir,Haos,500G,32mm,11.0g,5.0,http://bakucolle.com/archives/11541405.html
32mm,＜若,Apollonir,Darkus,640G,32mm,10.5g,8.0,http://bakucolle.com/archives/12944112.html
32mm,ゃ,Clayf,Subterra,360G/380G,32mm,12.0g,3.0,http://bakucolle.com/archives/25130119.html
32mm,眼＜祉ゃ,Pyrus Clayf,Pyrus,390G/590G,32mm,11.5g,5.0,http://bakucolle.com/archives/11542610.html
32mm,≪≪祉ゃ,Aquos Clayf,Aquos,310G/650G,32mm,11.5g,5.0,http://bakucolle.com/archives/20197206.html
32mm,泣祉ゃ,Subterra Clayf,Subterra,440G/700G,32mm,11.5g,5.0,http://bakucolle.com/archives/25130129.html
32mm,若潟祉ゃ,Darkus Clayf,Darkus,640G,32mm,11.5g,8.0,http://bakucolle.com/archives/27380566.html
32mm,祉,Excedra,Darkus,380G,32mm,11.0g,2.0,http://bakucolle.com/archives/12939947.html
32mm,眼＜祉祉,Pyrus Excedra,Pyrus,890G,32mm,10.5g,9.0,http://bakucolle.com/archives/29655022.html
32mm,祉,Excedra,Aquos,650G,32mm,11.0g,5.0,http://bakucolle.com/archives/26571902.html
32mm,祉,Excedra,Ventus,490G/530G,32mm,11.0g,5.0,http://bakucolle.com/archives/13000389.html
32mm,泣祉祉,Subterra Excedra,Subterra,400G/640G,32mm,11.0g,5.0,http://bakucolle.com/archives/12940273.html
32mm,鴻祉祉,Haos Excedra,Haos,610G,32mm,11.0g,8.0,http://bakucolle.com/archives/27068586.html
32mm,祉,Excedra,Darkus,450G/660G,32mm,11.0g,5.0,http://bakucolle.com/archives/12940212.html
32mm,激,Frosch,Aquos,380G,32mm,11.5g,3.0,http://bakucolle.com/archives/20195041.html
32mm,激,Frosch,Pyrus,310G,32mm,12.5g,5.0,http://bakucolle.com/archives/11542655.html
32mm,≪≪祉激,Aquos Frosch,Aquos,430G/630G/650G,32mm,12.0g,5.0,http://bakucolle.com/archives/20197160.html
32mm,≪≪祉激,Aquos Frosch,Aquos,610G,32mm,12.5g,8.0,http://bakucolle.com/archives/29334870.html
32mm,若ｃ鴻祉激,Ventus Frosch,Ventus,580G,32mm,12.0g,7.0,http://bakucolle.com/archives/26572144.html
32mm,泣祉激,Subterra Frosch,Subterra,450G,32mm,12.0g,6.0,http://bakucolle.com/archives/26572130.html
32mm,若潟祉激,Darkus Frosch,Darkus,480G/610G,32mm,12.0g,5.0,http://bakucolle.com/archives/12942134.html
32mm,若冴祉,Lars Lion,Haos,360G/380G,32mm,10.5g,3.0,http://bakucolle.com/archives/14884252.html
32mm,眼＜祉若冴祉,Pyrus Lars Lion,Pyrus,500G/600G,32mm,10.5g,8.0,http://bakucolle.com/archives/29334974.html
32mm,眼＜祉若冴祉,Pyrus Lars Lion,Pyrus,620G,32mm,10.5g,9.0,http://bakucolle.com/archives/29335141.html
32mm,≪≪祉若冴祉,Aquos Lars Lion,Aquos,600G,32mm,10.5g,5.0,http://bakucolle.com/archives/20197240.html
32mm,若ｃ鴻祉若冴祉,Ventus Lars Lion,Ventus,480G,32mm,10.5g,6.0,http://bakucolle.com/archives/26572174.html
32mm,泣祉若冴祉,Subterra Lars Lion,Subterra,520G,32mm,10.5g,7.0,http://bakucolle.com/archives/26572198.html
32mm,祉若冴祉,Haos Lars Lion,Haos,310G/360G/620G,32mm,10.5g,5.0,http://bakucolle.com/archives/14884295.html
32mm,祉若潟祉若冴祉,Haos Darkus Lars Lion,Haos,540G,32mm,11.5g,7.0,http://bakucolle.com/archives/29334962.html
32mm,若潟祉若冴祉,Darkus Lars Lion,Darkus,410G/510G/580G,32mm,10.5g,5.0,http://bakucolle.com/archives/12940968.html
32mm,若ｃ鴻祉,Ventus Oberus,Ventus,360G/380G,32mm,11.5g,3.0,http://bakucolle.com/archives/25101949.html
32mm,祉,Haos Oberus,Haos,480G,32mm,11.5g,3.0,http://bakucolle.com/archives/14884823.html
32mm,≪≪祉,Aquos Oberus,Aquos,460G/550G,32mm,11.5g,6.0,http://bakucolle.com/archives/20196866.html
32mm,≪≪祉,Aquos Oberus,Aquos,550G,32mm,13.0g,9.0,http://bakucolle.com/archives/20197127.html
32mm,若ｃ鴻祉,Ventus Oberus,Ventus,420G/670G,32mm,11.5g,6.0,http://bakucolle.com/archives/25090446.html
32mm,泣祉,Subterra Oberus,Subterra,490G/570G,32mm,11.5g,6.0,http://bakucolle.com/archives/25130177.html
32mm,祉若,Haos Naga,Haos,480G/500G,32mm,12.0g,3.0,http://bakucolle.com/archives/14883990.html
32mm,眼＜祉若,Pyrus Naga,Pyrus,440G/600G/660G,32mm,12.0g,5.0,http://bakucolle.com/archives/11543069.html
32mm,≪≪祉若,Aquos Naga,Aquos,640G,32mm,12.0g,8.0,http://bakucolle.com/archives/26572242.html
32mm,若ｃ鴻祉若,Ventus Naga,Ventus,550G,32mm,12.0g,8.0,http://bakucolle.com/archives/27380666.html
32mm,若,Naga,Subterra,450G/560G/620G,32mm,12.0g,5.0,http://bakucolle.com/archives/25130199.html
32mm,祉若,Haso Naga,Haos,630G,32mm,12.0g,5.0,http://bakucolle.com/archives/13000441.html
32mm,若,Naga,Haos,620G,32mm,12.0g,6.0,http://bakucolle.com/archives/14884030.html
32mm,若,Naga,Haos,650G,32mm,12.0g,6.0,http://bakucolle.com/archives/14884151.html
32mm,若潟祉若,Darkus Naga,Darkus,550G,32mm,12.5g,9.0,http://bakucolle.com/archives/29335209.html
32mm,祉ゃ若,Haos Wavern,Haos,490G/500G,32mm,12.5g,3.0,http://bakucolle.com/archives/14883859.html
32mm,ゃ若,Wavern,Aquos,600G,32mm,12.0g,6.0,http://bakucolle.com/archives/20196790.html
32mm,若ｃ鴻祉ゃ若,Ventus Wavern,Ventus,360G,32mm,11.5g,6.0,http://bakucolle.com/archives/25091355.html
32mm,若ｃ鴻祉ゃ若,Ventsu Wavern,Ventus,610G,32mm,12.0g,8.0,http://bakucolle.com/archives/25091698.html
32mm,ゃ若,Wavern,Haos,370G/600G,32mm,12.5g,6.0,http://bakucolle.com/archives/14883916.html
32mm,若潟祉ゃ若,Darkus Wavern,Darkus,440G/580G/930G,32mm,11.5g,6.0,http://bakucolle.com/archives/12940686.html
32mm,ゃ若,Wavern,Unknown,640G,32mm,13.0g,9.0,http://bakucolle.com/archives/29655056.html
32mm,,眼ゃ,Unknown,,,,,http://bakucolle.com/archives/7090407.html
32mm,紕(吾蚊),括茯 ver.,Unknown,680G,36mm,23.0g,8.0,http://bakucolle.com/archives/7106255.html
Gears,,ゃ潟ｃ鴻帥,Clear,Unknown,,,,http://bakucolle.com/archives/7427692.html
Gears,ゃ潟ｃ鴻帥,Twin Destructor,Clear,180G/200G,,16.5g,3.0,http://bakucolle.com/archives/8308245.html
Gears,ゃ潟ｃ鴻帥,Twin Destructor,Clear,200G,,17.0g,8.0,http://bakucolle.com/archives/8308157.html
Gears,ゃ潟ｃ鴻帥,Twin Destructor,Clear,100G,,17.0g,5.0,http://bakucolle.com/archives/25025700.html
Gears,ゃ潟ｃ鴻帥,Twin Destructor,Clear,100G,,16.5g,5.0,http://bakucolle.com/archives/8321311.html
Gears,激ｃ,Battle Crusher,Clear,160G/180G,,16.5g,3.0,http://bakucolle.com/archives/8310929.html
Gears,激ｃ,Battle Crusher,Clear,Unknown,,g,5.0,http://bakucolle.com/archives/29212026.html
Gears,激ｃ,Battle Crusher,Clear,80G/100G,,16.5g,5.0,http://bakucolle.com/archives/8321266.html
Gears,鴻сゃ吟,Swayther,Clear,180G/200G,,18.0g,3.0,http://bakucolle.com/archives/8309435.html
Gears,潟,Rock Hammer,Clear,160G/200G,,23.5g,3.0,http://bakucolle.com/archives/8308310.html
Gears,潟,Rock Hammer,Clear,70G,,23.5g,5.0,http://bakucolle.com/archives/8321165.html
Gears,潟,Rock Hammer,Clear,60G,,23.5g,5.0,http://bakucolle.com/archives/8321183.html
Gears,潟,Rock Hammer,Clear,70G/80G,,23.5g,5.0,http://bakucolle.com/archives/8321219.html
Gears,吾с潟,Jetkor,Clear,180G,,17.5g,3.0,http://bakucolle.com/archives/8309259.html
Gears,吾с潟,Jetkor,Clear,70G,,17.5g,5.0,http://bakucolle.com/archives/8321347.html
Gears,吾с潟,Jetkor,Clear,50G/80G,,17.5g,5.0,http://bakucolle.com/archives/8321375.html
Gears,吾с潟,Jetkor,Clear,60G,,17.5g,5.0,http://bakucolle.com/archives/8321383.html
Gears,若,Gigarth,Clear,180G,,25.0g,3.0,http://bakucolle.com/archives/8310301.html
Gears,若,Gigarth,Clear,180G,,25.0g,3.0,http://bakucolle.com/archives/8310336.html
Gears,＜鴻帥,Boomix,Clear,160G,,24.0g,3.0,http://bakucolle.com/archives/8309456.html
Gears,＜鴻帥,Boomix,Clear,80G,,24.0g,5.0,http://bakucolle.com/archives/29211971.html
Gears,＜鴻帥,Boomix,Clear,200G,,g,6.0,http://bakucolle.com/archives/7623106.html
Gears,＜鴻帥,Boomix,Clear,50G,,23.5g,5.0,http://bakucolle.com/archives/21652084.html
Gears,＜鴻帥,Boomix,Clear,210G,,g,6.0,http://bakucolle.com/archives/11495768.html
Gears,若鴻,Terrorcrest,Clear,160G/180G,,16.5g,3.0,http://bakucolle.com/archives/8308716.html
Gears,,Destrakon Gear,Clear,180G,,16.5g,3.0,http://bakucolle.com/archives/8308817.html
Gears,,Destrakon Gear,Clear,Unknown,,16.5g,5.0,http://bakucolle.com/archives/8321567.html
Gears,≪若潟,Airkor,Clear,180G/200G,,15.5g,3.0,http://bakucolle.com/archives/8307993.html
Gears,≪若潟,Airkor,Clear,50G,,15.5g,5.0,http://bakucolle.com/archives/8320969.html
Gears,≪若潟,Airkor,Clear,60G,,15.5g,5.0,http://bakucolle.com/archives/8321089.html
Gears,鴻若帥鴻帥,Spartablaster,Clear,160G/180G,,19.0g,3.0,http://bakucolle.com/archives/8310580.html
Gears,鴻若帥鴻帥,Spartablaster,Clear,70G,,19.0g,5.0,http://bakucolle.com/archives/12684137.html
Gears,鴻若帥鴻帥,Spartablaster,Clear,90G,,19.0g,5.0,http://bakucolle.com/archives/29682325.html
Gears,純,Vilantor Gear,Clear,160G/200G,,21.5g,3.0,http://bakucolle.com/archives/8309616.html
Gears,純,Vilantor Gear,Clear,Unknown,,Bakugan Delux Battle Gear,6.0,http://bakucolle.com/archives/7623141.html
Gears,純,Vilantor Gear,Clear,60G/80G/90G,,21.5g,5.0,http://bakucolle.com/archives/8321524.html
Gears,純,Vilantor Gear,Clear,90G,,21.5g,5.0,http://bakucolle.com/archives/8321494.html
Gears,ゃ激ｃ,Lashor,Clear,160G,,26.5g,3.0,http://bakucolle.com/archives/8309551.html
Gears,≪鴻,Barias Gear,Clear,180G,,21.5g,3.0,http://bakucolle.com/archives/8310639.html
Gears,≪鴻,Barias Gear,Clear,80G,,21.5g,5.0,http://bakucolle.com/archives/29211874.html
Gears,眼＜ゃ泣,Vicer,Clear,160G,,20.5g,3.0,http://bakucolle.com/archives/28604000.html
Gears,眼＜ゃ泣,Vicer,Clear,160G,,20.5g,3.0,http://bakucolle.com/archives/8310017.html
Gears,眼＜ゃ泣,Vicer,Clear,110G,,20.5g,5.0,http://bakucolle.com/archives/29682407.html
Gears,帥若,Battle Turbine,Clear,70G,,24.0g,5.0,http://bakucolle.com/archives/12684072.html
Gears,帥若,Battle Turbine,Clear,70G,,24.0g,5.0,http://bakucolle.com/archives/8321453.html
Gears,鴻鴻帥,Explosix Gear,Clear,180G,,19.5g,3.0,http://bakucolle.com/archives/8308669.html
Gears,с潟,Chompixx,Clear,180G,,19.0g,3.0,http://bakucolle.com/archives/8310212.html
Gears,с潟,Chompixx,Clear,50G,,19.0g,5.0,http://bakucolle.com/archives/29682336.html
Gears,с潟,Chompixx,Clear,100G,,19.0g,5.0,http://bakucolle.com/archives/8321674.html
Gears,с潟,Chompixx,Clear,60G/90G,,19.0g,5.0,http://bakucolle.com/archives/8321690.html
Gears,吾ャ潟,Razoid,Clear,180G,,20.5g,3.0,http://bakucolle.com/archives/8309184.html
Gears,吾ャ潟,Razoid,Clear,120G,,20.5g,5.0,http://bakucolle.com/archives/8321593.html
Gears,冴若若帥,Zukanator,Clear,200G,,17.0g,3.0,http://bakucolle.com/archives/8309828.html
Gears,冴若若帥,Zukanator,Clear,90G,,17.0g,5.0,http://bakucolle.com/archives/8321646.html
Gears,冴若若帥,Zukanator,Clear,70G,,17.0g,5.0,http://bakucolle.com/archives/11503794.html
Gears,冴若若帥,Zukanator,Clear,210G,,21.0g,6.0,http://bakucolle.com/archives/7623068.html
Gears,祉ゃ,Battle Sabre,Clear,90G,,19.0g,6.0,http://bakucolle.com/archives/8321773.html
Gears,祉ゃ,Battle Sabre,Clear,100G,,19.0g,6.0,http://bakucolle.com/archives/11503868.html
Gears,祉ゃ,Battle Sabre,Clear,100G,,19.0g,6.0,http://bakucolle.com/archives/8321752.html
Gears,潟泣,Lansor,Clear,90G,,14.0g,6.0,http://bakucolle.com/archives/13241968.html
Gears,鴻,Terrix Gear,Clear,130G,,21.5g,8.0,http://bakucolle.com/archives/8321882.html
Gears,鴻,Terrix Gear,Clear,Unknown,,21.5g,8.0,http://bakucolle.com/archives/28604020.html
Gears,潟,Helmgund,Clear,Unknown,,22.0g,8.0,http://bakucolle.com/archives/8322132.html
Gears,ゃ,Axator Gear,Clear,200G,,18.5g,2.0,http://bakucolle.com/archives/12278284.html
Gears,≪眼,Beamblitzer,Clear,180G,,16.0g,2.0,http://bakucolle.com/archives/12278240.html
Gears,吟,Blasteroid,Clear,160G,,17.0g,2.0,http://bakucolle.com/archives/12278212.html
Gears,違,Nukix Gear,Clear,200G,,15.5g,2.0,http://bakucolle.com/archives/12278164.html
Gears,激,Riptor,Clear,180G,,27.5g,4.0,http://bakucolle.com/archives/12277962.html
Gears,激,Riptor,Clear,100G,,29.5g+(1.5g),5.0,http://bakucolle.com/archives/12278048.html
Gears,ゃ潟激,Smashtor,Clear,200G,,30.5g,4.0,http://bakucolle.com/archives/12277908.html
Gears,ゃ潟激,Smashtor,Clear,80G,,32.5g+(1.5g),5.0,http://bakucolle.com/archives/12277997.html
Gears,若ｃ≪,Piercian,Clear,Unknown,,14.5g,2.0,http://bakucolle.com/archives/7427659.html
Gears,,-- GAGA,Clear,Unknown,,,,http://bakucolle.com/archives/7455492.html
BakuTech36mm,,-- GAGA,Clear,Unknown,,,,http://bakucolle.com/archives/7455492.html
BakuTech36mm,,,Clear,Unknown,,,,http://bakucolle.com/archives/15171986.html
BakuTech36mm,(),,Clear,640G/660G,36mm,19.5g,3.0,http://bakucolle.com/archives/7109029.html
BakuTech36mm,()≪ver.,,Clear,640G/660G(+20G),36mm,(10.5g)+(8.0g),8.0,http://bakucolle.com/archives/7109211.html
BakuTech36mm,(),ゃ,Clear,640G/650G,36mm,17.0g,3.0,http://bakucolle.com/archives/7109657.html
BakuTech36mm,綏(),ゃ激с,Clear,640G/650G,36mm,19.0g,3.0,http://bakucolle.com/archives/7108229.html
BakuTech36mm,臂(),潟,Clear,640G/660G,36mm,19.0g,3.0,http://bakucolle.com/archives/7109758.html
BakuTech36mm,莉(眼),ャ,Clear,660G,36mm,24.5g,3.0,http://bakucolle.com/archives/7108978.html
BakuTech36mm,莉(眼),ャ,Clear,660G/680G,36mm,25.0g,3.0,http://bakucolle.com/archives/7108921.html
BakuTech36mm,(若),若吾,Clear,660G/680G,36mm,18.0g,4.0,http://bakucolle.com/archives/7108057.html
BakuTech36mm,紕(吾蚊),,Clear,700G,36mm,23.0g,3.0,http://bakucolle.com/archives/7107111.html
BakuTech36mm,紕(吾蚊),,Clear,680G,36mm,23.0g,4.0,http://bakucolle.com/archives/7106377.html
BakuTech36mm,紕(吾蚊),膣蘊(若) ver.,Clear,700G,36mm,23.0g,7.0,http://bakucolle.com/archives/7106480.html
BakuTech36mm,罩(吾),潟 ver.,Clear,720G,36mm,21.5g,6.0,http://bakucolle.com/archives/7106615.html
BakuTech36mm,莉(),活蘊() ver.,Clear,700G+20G,36mm,18.5g,6.0,http://bakucolle.com/archives/7106949.html
BakuTech36mm,紕(吾蚊),括茯 ver.,Clear,680G,36mm,23.0g,8.0,http://bakucolle.com/archives/7106255.html
BakuTech36mm,紕(吾蚊),括茯腟 ver.,Clear,680G,36mm,23.0g,7.0,http://bakucolle.com/archives/7107277.html
BakuTech36mm,脾(吾),,Clear,700G,36mm,18.5g,3.0,http://bakucolle.com/archives/7108672.html
BakuTech36mm,脾(吾),,Clear,680G/700G,36mm,18.5g,3.0,http://bakucolle.com/archives/7108793.html
BakuTech36mm,筝(),激,Clear,660G/700G,36mm,16.5g,6.0,http://bakucolle.com/archives/7109431.html
BakuTech36mm,(),,Clear,710G,36mm,20.5g,5.0,http://bakucolle.com/archives/7107976.html
BakuTech36mm,羯(泣潟),眼,Clear,700G,36mm,33.5g,6.0,http://bakucolle.com/archives/7107885.html
BakuTech36mm,羯(泣潟),眼,Clear,680G\710G,36mm,33.5g,7.0,http://bakucolle.com/archives/7107850.html
BakuTech36mm,(),,Clear,700G,36mm,22.5g,4.0,http://bakucolle.com/archives/7108596.html
BakuTech36mm,(),,Clear,680G\710G,36mm,23.0g,5.0,http://bakucolle.com/archives/7108575.html
BakuTech36mm,(＜ゃ),鴻眼,Clear,710G/720G,36mm,25.0g,7.0,http://bakucolle.com/archives/7109838.html
BakuTech36mm,絨(激с),＜,Clear,700G,36mm,18.0g,4.0,http://bakucolle.com/archives/7107706.html
BakuTech36mm,絨(激с),＜,Clear,710G,36mm,17.5g,5.0,http://bakucolle.com/archives/7107559.html
BakuTech36mm,(若若),,Clear,700G/720G+(10G-20G-40G-200G),36mm,19.0g,6.0,http://bakucolle.com/archives/7107412.html
BakuTech36mm,(若若),藥薔() ver.,Clear,730G+(10G-20G-40G-200G),36mm,19.0g,7.0,http://bakucolle.com/archives/7107507.html
BakuTech36mm,脾(吾),藥腑() ver.,Clear,720G,36mm,22.0g,7.0,http://bakucolle.com/archives/7108482.html
BakuTech36mm,紕(吾蚊),ャ 蘂腑() ver.,Clear,700G,36mm,24.5g,7.0,http://bakucolle.com/archives/7108353.html
BakuTech36mm,莉(眼),順() ver.,Clear,710G,36mm,20.0g,7.0,http://bakucolle.com/archives/7108425.html
BakuTech36mm,,ゃ潟ｃ鴻帥,Clear,Unknown,,,,http://bakucolle.com/archives/7427692.html
BakuTech36mm,с,Skyress,Clear,Unknown,,,,http://bakucolle.com/archives/7469817.html
BakuganArmors,,R -- Rekka,Clear,Unknown,,,,http://bakucolle.com/archives/7211618.html
BakuganArmors,R(),ャ,Clear,730G,32mm,18.0g,7.0,http://bakucolle.com/archives/12382005.html
BakuganArmors,H(),ゃ,Clear,730G,32mm,18.0g,6.0,http://bakucolle.com/archives/12382017.html
BakuganArmors,S(激),若,Clear,740G,32mm,19.0g,6.0,http://bakucolle.com/archives/12382048.html
BakuganArmors,K(潟),,Clear,750G,32mm,16.5g,6.0,http://bakucolle.com/archives/12382063.html
BakuganArmors,O(若眼),,Clear,760G,32mm,20.0g,6.0,http://bakucolle.com/archives/12382111.html
BakuganArmors,Y(ゃ激),帥,Clear,710G/770G,32mm,18.5g,8.0,http://bakucolle.com/archives/12382146.html
BakuganArmors,I(ゃ),若祉,Clear,750G,32mm,14.5g,9.0,http://bakucolle.com/archives/12377854.html
BakuganArmors,,Ramdol,Clear,910G/1050G,32mm,13.5g,5.0,http://bakucolle.com/archives/7186043.html
BakuganArmors,,,Clear,Unknown,,,,http://bakucolle.com/archives/7329379.html
MechtaniumSurge,違潟祉眼ゃ,Titanium Dragonoid,Pyrus,540G/560G/580G,32mm,16.0g,8.0,http://bakucolle.com/archives/8778689.html
MechtaniumSurge,違潟祉眼ゃ,Titanium Dragonoid,Pyrus,580G,32mm,16.5g,10.0,http://bakucolle.com/archives/8778862.html
MechtaniumSurge,鴻帥,Infinity Trister,Pyrus,Unknown,,,,http://bakucolle.com/archives/7170070.html
MechtaniumSurge,違潟祉眼ゃ,Titanium Dragonoid,Pyrus,910G,32mm,16.0g,8.0,http://bakucolle.com/archives/8598688.html
MechtaniumSurge,若ｃ鴻祉違潟祉眼ゃ,Ventus Titanium Dragonoid,Ventus,780G,32mm,20.0g,6.0,http://bakucolle.com/archives/8598525.html
MechtaniumSurge,祉違潟祉眼ゃ,Haso Titanium Dragonoid,Haos,800G,32mm,20.0g,9.0,http://bakucolle.com/archives/27561571.html
MechtaniumSurge,若潟祉違潟祉眼ゃ,Darkus Titanium Dragonoid,Darkus,870G,32mm,20.0g,6.0,http://bakucolle.com/archives/8598450.html
MechtaniumSurge,眼＜祉ャ若吾с潟祉眼ゃ,Pyrus Fusion Dragonoid,Pyrus,Unknown,32mm,15.5g,8.0,http://bakucolle.com/archives/25044914.html
MechtaniumSurge,ャ若吾с潟祉眼ゃ,Fusion Dragonoid,Pyrus,890G,32mm,15.5g,7.0,http://bakucolle.com/archives/8779235.html
MechtaniumSurge,眼＜祉ャ若吾с潟祉眼ゃ,Pyrus Fusion Dragonoid,Pyrus,Unknown,32mm,18.0(5.5g+12.5g),7.0,http://bakucolle.com/archives/25042880.html
MechtaniumSurge,眼＜祉ャ若吾с潟祉眼ゃ,Pyrus Fusion Dragonoid,Pyrus,860G+()890G+(30G/30G),32mm,15.5g,7.0,http://bakucolle.com/archives/8791137.html
MechtaniumSurge,ャ若吾с潟祉眼ゃ,Fusion Dragonoid,Aquos,Unknown,32mm,15.5g,7.0,http://bakucolle.com/archives/21639806.html
MechtaniumSurge,若ｃ鴻祉ャ若吾с潟祉眼ゃ,Ventus Fusion Dragonoid,Ventus,800G+(30G/70G),32mm,16.0g,7.0,http://bakucolle.com/archives/29411966.html
MechtaniumSurge,若ｃ鴻祉ャ若吾с潟祉眼ゃ,Ventus Fusion Dragonoid,Ventus,800G+(30G/70G),32mm,15.5g,7.0,http://bakucolle.com/archives/13240303.html
MechtaniumSurge,,Radizen,Ventus,Unknown,,,,http://bakucolle.com/archives/6809594.html
MechtaniumSurge,泣祉ャ若吾с潟祉眼ゃ,Subterra Fusion Dragonoid,Subterra,910G+(20G/40G),32mm,15.5g,7.0,http://bakucolle.com/archives/13240257.html
MechtaniumSurge,祉ャ若吾с潟祉眼ゃ,Haos Fusion Dragonoid,Haos,870G+(10G/90G),32mm,15.5g,7.0,http://bakucolle.com/archives/9008036.html
MechtaniumSurge,祉ャ若吾с潟祉眼ゃ,Haos Fusion Dragonoid,Haos,920G,32mm,15.5g,7.0,http://bakucolle.com/archives/10873671.html
MechtaniumSurge,若潟祉ャ若吾с潟祉眼ゃ,Darkus Fusion Dragonoid,Darkus,890G+(10G/30G),32mm,15.5g,7.0,http://bakucolle.com/archives/8967102.html
MechtaniumSurge,若潟祉ャ若吾с潟祉眼ゃ,Darkus Fusion Dragonoid,Darkus,930G,32mm,15.5g,7.0,http://bakucolle.com/archives/8967187.html
MechtaniumSurge,若潟祉ャ若吾с潟祉眼ゃ,Darkus Fusion Dragonoid,Darkus,1020G,32mm,14.0g,7.0,http://bakucolle.com/archives/13240610.html
MechtaniumSurge,眼＜祉若ャ若祉眼ゃ,Pyrus Mercury Dragonoid,Pyrus,Unknown,32mm,,7.0,http://bakucolle.com/archives/25054514.html
MechtaniumSurge,≪≪祉若ャ若祉眼ゃ,Aquos Mercury Dragonoid,Aquos,Unknown,32mm,14.5g,7.0,http://bakucolle.com/archives/25043084.html
MechtaniumSurge,眼＜祉若ャ若祉眼ゃ,Pyrus Mercury Dragonoid,Pyrus,750G+(200G/140G)900G+(210G/150G),32mm,14.5g,7.0,http://bakucolle.com/archives/8779691.html
MechtaniumSurge,≪≪祉若ャ若祉眼ゃ,Aquos Mercury Dragonoid,Aquos,750G+(200G/150G),32mm,14.5g,7.0,http://bakucolle.com/archives/29411633.html
MechtaniumSurge,≪≪祉若ャ若祉眼ゃ,Aquos Mercury Dragonoid,Aquos,G+(150G/200G),32mm,19.5g,8.0,http://bakucolle.com/archives/27844672.html
MechtaniumSurge,若ｃ鴻祉若ャ若祉眼ゃ,Ventus Mercury Dragonoid,Ventus,700G/1010G+(210G/150G),32mm,14.5g,7.0,http://bakucolle.com/archives/13241275.html
MechtaniumSurge,泣祉若ャ若祉眼ゃ,Subterra Mercury Dragonoid,Subterra,680G+(220G/140G)720G+(220G/140G)990G+(210G/170G),32mm,15.0g19.0g,7.0,http://bakucolle.com/archives/8872155.html
MechtaniumSurge,祉若ャ若祉眼ゃ,Haos Mercury Dragonoid,Haos,770G+(180G/140G),32mm,14.5g,7.0,http://bakucolle.com/archives/9006454.html
MechtaniumSurge,祉若ャ若祉眼ゃ,Haos Mercury Dragonoid,Haos,Unknown,32mm,19.0g,8.0,http://bakucolle.com/archives/9006070.html
MechtaniumSurge,≪ゃ≪潟祉眼ゃ,Iron Dragonoid,Pyrus,840G,32mm,22.5g,7.0,http://bakucolle.com/archives/8779805.html
MechtaniumSurge,≪≪祉≪ゃ≪潟祉眼ゃ,Aquos Iron Dragonoid,Aquos,790G/850G,32mm,21.5g,6.0,http://bakucolle.com/archives/8863603.html
MechtaniumSurge,若ｃ鴻祉≪ゃ≪潟祉眼ゃ,Ventus Iron Dragonoid,Ventus,880G,32mm,21.5g,6.0,http://bakucolle.com/archives/8912822.html
MechtaniumSurge,泣祉≪ゃ≪潟祉眼ゃ,Subterra Iron Dragonoid,Subterra,Unknown,32mm,21.5g,8.0,http://bakucolle.com/archives/27561372.html
MechtaniumSurge,若潟祉≪ゃ≪潟祉眼ゃ,Darkus Iron Dragonoid,Darkus,880G,32mm,22.0g,6.0,http://bakucolle.com/archives/8965360.html
MechtaniumSurge,眼＜祉＜帥祉眼ゃ,Pyrus Meta Dragonoid,Pyrus,900G(600G-750G-750G-800G-900G-900G)(600G-700G-800G-900G-950G-1000G)(600G-650G-800G-850G-850G-950G),32mm,13.5g18.5g,6.0,http://bakucolle.com/archives/8779920.html
MechtaniumSurge,眼＜祉＜帥祉眼ゃ,Pyrus Meta Dragonoid,Pyrus,(650G-700G-750G-800G-850G-1000G),32mm,18.5g,7.0,http://bakucolle.com/archives/14734344.html
MechtaniumSurge,≪≪祉＜帥祉眼ゃ,Aquos Meta Dragonoid,Aquos,900G,32mm,13.5g,6.0,http://bakucolle.com/archives/8863548.html
MechtaniumSurge,若ｃ鴻祉＜帥祉眼ゃ,Ventus Meta Dragonoid,Ventus,(600G-750G-750G-800G-900G-900G),32mm,13.5g,6.0,http://bakucolle.com/archives/8912866.html
MechtaniumSurge,祉＜帥祉眼ゃ,Haos Meta Dragonoid,Haos,(500G-700G-800G-900G-1000G-1000G)(650G-700G-850G-900G-900G-1000G),32mm,13.0g/19.5g,6.0,http://bakucolle.com/archives/9006145.html
MechtaniumSurge,若潟祉＜帥祉眼ゃ,Darkus Meta Dragonoid,Darkus,910G,32mm,13.5g,6.0,http://bakucolle.com/archives/8965876.html
MechtaniumSurge,潟潟ｃ 祉眼ゃ,Commandix Dragonoid,Pyrus,950G,32mm,15.5g,5.0,http://bakucolle.com/archives/8791351.html
MechtaniumSurge,眼＜祉帥,Pyrus Reptac,Pyrus,830G+(20G/70G),32mm,16.0g,7.0,http://bakucolle.com/archives/29648766.html
MechtaniumSurge,眼＜祉帥,Pyrus Reptac,Pyrus,830G+(70G/20G),32mm,15.5g,7.0,http://bakucolle.com/archives/12681752.html
MechtaniumSurge,≪≪祉帥,Aquos Reptac,Aquos,900G+(30G),32mm,15.5g,7.0,http://bakucolle.com/archives/8865289.html
MechtaniumSurge,鴻ゃ,Spyron,Ventus,Unknown,,,,http://bakucolle.com/archives/7159472.html
MechtaniumSurge,ャ若帥潟祉鴻ゃ,Mutant Krakenoid,Subterra,Unknown,,,,http://bakucolle.com/archives/7158498.html
MechtaniumSurge,若潟祉帥,Darkus Reptac,Darkus,Unknown,32mm,15.5g,7.0,http://bakucolle.com/archives/13240198.html
MechtaniumSurge,眼＜祉≪,Pyrus Aeroblitz,Pyrus,Unknown,32mm,30.5g,7.0,http://bakucolle.com/archives/29648771.html
MechtaniumSurge,眼＜祉≪,Pyrus Aeroblitz,Pyrus,Unknown,32mm,30.5g,7.0,http://bakucolle.com/archives/12681939.html
MechtaniumSurge,若潟祉≪,Darkus Aeroblitz,Darkus,Unknown,32mm,30.5g,7.0,http://bakucolle.com/archives/13240140.html
MechtaniumSurge,≪≪祉鴻帥,Aquos Infinity Trister,Aquos,460G/500G/520G/540G/560G/640G,32mm,15.0g,8.0,http://bakucolle.com/archives/12899038.html
MechtaniumSurge,祉鴻帥,Haos Infinity Trister,Haos,Unknown,32mm,g,7.0,http://bakucolle.com/archives/25054444.html
MechtaniumSurge,ゃ潟ｃｃ祉,Infinity Helios,Pyrus,Unknown,,,,http://bakucolle.com/archives/7170763.html
MechtaniumSurge,眼＜祉鴻帥,Pyrus Infinity Trister,Pyrus,(600G-650G-700G-750G-900G-1000G),32mm,15.0g,7.0,http://bakucolle.com/archives/11561483.html
MechtaniumSurge,違潟祉眼ゃ,Titanium Dragonoid,Aquos,Unknown,,,,http://bakucolle.com/archives/7171653.html
MechtaniumSurge,若ｃ鴻祉鴻帥,Ventus Infinity Trister,Ventus,(700G-700G-750G-900G-900G-950),32mm,15.0g,7.0,http://bakucolle.com/archives/8913163.html
MechtaniumSurge,祉鴻帥,Haos Infinity Trister,Haos,(600G-700G-850G-900G-900G-950),32mm,21.5g,7.0,http://bakucolle.com/archives/9006596.html
MechtaniumSurge,祉鴻帥,Haso Infinity Trister,Haos,(600G-700G-850G-900G-900G-950G),32mm,15.0g,7.0,http://bakucolle.com/archives/9006525.html
MechtaniumSurge,若潟祉鴻帥,Darkus Infinity Trister,Darkus,(750G-750G-850G-950G-1000G-1150G),32mm,15.0g,7.0,http://bakucolle.com/archives/8966107.html
MechtaniumSurge,眼＜祉,Pyrus Radizen,Pyrus,950G,32mm,14.0g,7.0,http://bakucolle.com/archives/12682016.html
MechtaniumSurge,眼＜祉,Pyrus Radizen,Pyrus,940G,32mm,14.0g,7.0,http://bakucolle.com/archives/29411837.html
MechtaniumSurge,,Radizen,Pyrus,1020G,32mm,14.0g,6.0,http://bakucolle.com/archives/6645018.html
MechtaniumSurge,≪≪祉,Aquos Radizen,Aquos,850G,32mm,14.0g,8.0,http://bakucolle.com/archives/8863767.html
MechtaniumSurge,若ｃ鴻祉,Ventsu Radizen,Ventus,810G,32mm,14.0g,7.0,http://bakucolle.com/archives/29411749.html
MechtaniumSurge,泣祉,Subterra Radizen,Subterra,940G,32mm,14.0g,7.0,http://bakucolle.com/archives/27640684.html
MechtaniumSurge,若潟祉,Darkus Radizen,Darkus,920G,32mm,14.0g,7.0,http://bakucolle.com/archives/12682448.html
MechtaniumSurge,若潟祉,Darkus Radizen,Darkus,810G,32mm,14.0g,7.0,http://bakucolle.com/archives/25026585.html
MechtaniumSurge,若潟祉,Darkus Radizen,Darkus,1000G/1020G,32mm,14.0g,7.0,http://bakucolle.com/archives/12682330.html
MechtaniumSurge,眼＜祉鴻帥,Pyrus Roxtor,Pyrus,Unknown,32mm,13.5g,5.0,http://bakucolle.com/archives/6927159.html
MechtaniumSurge,眼＜祉鴻帥,Pyrus Roxtor,Pyrus,850G,32mm,13.5g,7.0,http://bakucolle.com/archives/14733155.html
MechtaniumSurge,宴,Horridian,Pyrus,Unknown,,,,http://bakucolle.com/archives/7812372.html
MechtaniumSurge,≪≪祉鴻帥,Aquos Roxtor,Aquos,860G,32mm,13.5g,7.0,http://bakucolle.com/archives/8863893.html
MechtaniumSurge,若ｃ鴻祉鴻帥,Ventus Roxtor,Ventus,940G,32mm,13.5g,7.0,http://bakucolle.com/archives/29411775.html
MechtaniumSurge,鴻帥,Roxtor,Subterra,1020G,32mm,,6.0,http://bakucolle.com/archives/6644886.html
MechtaniumSurge,若潟祉鴻帥,Darkus Roxtor,Darkus,1100G,32mm,13.5g,7.0,http://bakucolle.com/archives/8966422.html
MechtaniumSurge,若潟祉鴻帥,Darkus Roxtor,Darkus,940G,32mm,13.5g,7.0,http://bakucolle.com/archives/29411889.html
MechtaniumSurge,若潟祉鴻帥,Darkus Roxtor,Darkus,1030G,32mm,13.5g,8.0,http://bakucolle.com/archives/14733785.html
MechtaniumSurge,眼＜祉帥潟,Pyrus Betakor,Pyrus,Unknown,,27.5g,7.0,http://bakucolle.com/archives/29411879.html
MechtaniumSurge,眼＜祉帥潟,Pyrus Betakor,Pyrus,Unknown,,27.5g,7.0,http://bakucolle.com/archives/29411872.html
MechtaniumSurge,≪≪祉帥潟,Aquos Betakor,Aquos,Unknown,,27.5g,7.0,http://bakucolle.com/archives/8863963.html
MechtaniumSurge,若ｃ鴻祉帥潟,Ventsu Betakor,Ventus,Unknown,,27.5g,7.0,http://bakucolle.com/archives/29411799.html
MechtaniumSurge,若潟祉帥潟,Darkus Betakor,Darkus,Unknown,,27.5g,7.0,http://bakucolle.com/archives/12682665.html
MechtaniumSurge,若潟祉帥潟,Darkus Betakor,Darkus,Unknown,,27.5g,7.0,http://bakucolle.com/archives/29411897.html
MechtaniumSurge,сゃ吟,Taylean,Ventus,540G,32mm,15.5g,7.0,http://bakucolle.com/archives/15832356.html
MechtaniumSurge,泣祉сゃ吟,Subterra Taylean,Subterra,580G,32mm,15.5g,7.0,http://bakucolle.com/archives/11560899.html
MechtaniumSurge,сゃ吟,Taylean,Pyrus,690G/870G,32mm,15.5g/19.0g,6.0,http://bakucolle.com/archives/8597255.html
MechtaniumSurge,≪≪祉сゃ吟,Aquos Taylean,Aquos,760G,32mm,19.5g,6.0,http://bakucolle.com/archives/8597207.html
MechtaniumSurge,若ｃ鴻祉сゃ吟,Ventus Taylean,Ventus,770G/850G,32mm,20.0g,7.0,http://bakucolle.com/archives/26571790.html
MechtaniumSurge,сゃ吟,Taylean,Darkus,Unknown,32mm,19.5g,6.0,http://bakucolle.com/archives/8597271.html
MechtaniumSurge,眼＜祉ャ若帥潟祉сゃ吟,Pyrus Mutant Taylean,Pyrus,960G+(200G/130G),32mm,14.0g,6.0,http://bakucolle.com/archives/29411619.html
MechtaniumSurge,≪≪祉ャ若帥潟祉сゃ吟,Aquos Mutant Taylean,Aquos,800G+(200G/150G)860G+(200G/150G),32mm,14.5g,6.0,http://bakucolle.com/archives/8864094.html
MechtaniumSurge,≪≪祉ャ若帥潟祉сゃ吟,Aquos Mutant Taylean,Aquos,760G(160G+190G),32mm,14.5g,8.0,http://bakucolle.com/archives/27844656.html
MechtaniumSurge,若ｃ鴻祉ャ若帥潟祉сゃ吟,Ventus Mutant Taylean,Ventus,750G(200G+140G)750G(210G+150G),32mm,14.0g,7.0,http://bakucolle.com/archives/8913235.html
MechtaniumSurge,泣祉ャ若帥潟祉сゃ吟,Subterra Mutant Taylean,Subterra,660G+(230G/130G)710G+(210G/170G),32mm,14.5g,6.0,http://bakucolle.com/archives/25147821.html
MechtaniumSurge,祉ャ若帥潟祉сゃ吟,Haos Mutant Taylean,Haos,720G+(180G/140G),32mm,14.0g,6.0,http://bakucolle.com/archives/29411628.html
MechtaniumSurge,若潟祉ャ若帥潟祉сゃ吟,Darkus Mutant Taylean,Darkus,700G+(210G/170G)730G+(180G/150G),32mm,14.0g,6.0,http://bakucolle.com/archives/11560829.html
MechtaniumSurge,莊(若),激сゃ,Haos,580G,32mm,15.5g,2.0,http://bakucolle.com/archives/7618290.html
MechtaniumSurge,眼＜肢軍激сゃ(),Pyrus Jaakor,Pyrus,950G,32mm,16.0g,7.0,http://bakucolle.com/archives/8794045.html
MechtaniumSurge,眼＜肢軍激сゃ(),Pyrus Jaakor,Pyrus,1000G,32mm,16.0g,7.0,http://bakucolle.com/archives/8794156.html
MechtaniumSurge,≪≪肢軍激сゃ(),Aquos Jaakor,Aquos,910G,32mm,16.0g,7.0,http://bakucolle.com/archives/8865411.html
MechtaniumSurge,莊潟激сゃ(),Jaakor,Aquos,1010G,32mm,16.0g,7.0,http://bakucolle.com/archives/6645128.html
MechtaniumSurge,≪≪肢軍激сゃ(),Aquos Jaakor,Aquos,820G/910G,32mm,16.0g,7.0,http://bakucolle.com/archives/12682915.html
MechtaniumSurge,若ｃ鴻肢軍激сゃ(),Ventus Jaakor,Ventus,940G,32mm,16.0g,7.0,http://bakucolle.com/archives/8916779.html
MechtaniumSurge,泣肢軍激сゃ(),Subterra Jaakor,Subterra,880G,32mm,16.0g,7.0,http://bakucolle.com/archives/29411939.html
MechtaniumSurge,泣肢軍激сゃ(),Subterra Jaakor,Subterra,1010G,32mm,16.0g,7.0,http://bakucolle.com/archives/6645173.html
MechtaniumSurge,泣肢軍激сゃ(),Subterra Jaakor,Subterra,880G,32mm,16.0g,7.0,http://bakucolle.com/archives/27640777.html
MechtaniumSurge,肢軍激сゃ(),Haos Jaakor,Haos,Unknown,32mm,16.0g,7.0,http://bakucolle.com/archives/21639709.html
MechtaniumSurge,肢軍激сゃ(),Haos Jaakor,Haos,930G,32mm,16.0g,7.0,http://bakucolle.com/archives/27640781.html
MechtaniumSurge,若潟肢軍激сゃ(),Darkus Jaakor,Darkus,Unknown,32mm,16.0g,7.0,http://bakucolle.com/archives/8979070.html
MechtaniumSurge,≪≪脂若,Aquos Skytress,Aquos,Unknown,32mm,,7.0,http://bakucolle.com/archives/25054503.html
MechtaniumSurge,(),,Ventus,580G,32mm,15.0g,2.0,http://bakucolle.com/archives/7618169.html
MechtaniumSurge,眼＜脂若,Pyrus Skytress,Pyrus,930G,32mm,15.0g,7.0,http://bakucolle.com/archives/8794514.html
MechtaniumSurge,≪≪脂若,Aquos Skytress,Aquos,920G,32mm,15.0g,7.0,http://bakucolle.com/archives/8864587.html
MechtaniumSurge,(),Skytruss,Ventus,1020G,32mm,15.0g,7.0,http://bakucolle.com/archives/6644699.html
MechtaniumSurge,脂若,Haos Skytress,Haos,Unknown,32mm,15.0g,8.0,http://bakucolle.com/archives/9007986.html
MechtaniumSurge,脂(),Haos Skytruss,Haos,1030G,32mm,15.0g,7.0,http://bakucolle.com/archives/13240727.html
MechtaniumSurge,若潟脂若,Darkus Skytress,Darkus,930G,32mm,15.0g,7.0,http://bakucolle.com/archives/8967067.html
MechtaniumSurge,(),Skytruss,Darkus,1010G,32mm,15.0g,7.0,http://bakucolle.com/archives/6644827.html
MechtaniumSurge,若潟脂若,Darkus Skytress,Darkus,930G,32mm,15.0g,7.0,http://bakucolle.com/archives/29648792.html
MechtaniumSurge,眼＜紫(),Pyrus Orbeum,Pyrus,900G,32mm,17.0g,8.0,http://bakucolle.com/archives/12899435.html
MechtaniumSurge,眼＜紫(),Pyrus Orbeum,Pyrus,900G,32mm,17.0g,8.0,http://bakucolle.com/archives/22703136.html
MechtaniumSurge,若ｃ鴻紫(),Ventus Orbeum,Ventus,1040G,32mm,17.0g,8.0,http://bakucolle.com/archives/29648606.html
MechtaniumSurge,若潟紫(),Darkus Orbeum,Darkus,910G,32mm,17.0g,8.0,http://bakucolle.com/archives/8967020.html
MechtaniumSurge,眼＜祉違ャ若,Pyrus Magmafury,Pyrus,Unknown,32mm,48.0g,7.0,http://bakucolle.com/archives/12900442.html
MechtaniumSurge,違ャ若,Magmafury,Ventus,Unknown,32mm,48.0g,7.0,http://bakucolle.com/archives/8967381.html
MechtaniumSurge,泣祉≪違,Subterra Boulderon,Subterra,Unknown,32mm,g,9.0,http://bakucolle.com/archives/25044724.html
MechtaniumSurge,眼＜祉≪違,Pyrus Boulderon,Pyrus,600G-700G-800G-950G-1000G-1150G,32mm,20.0g,7.0,http://bakucolle.com/archives/8792867.html
MechtaniumSurge,鴻ゃ,Spyron,Pyrus,Unknown,,,,http://bakucolle.com/archives/7160130.html
MechtaniumSurge,≪≪祉≪違,Aquos Boulderon,Aquos,600G-650G-700G-800G-950G-1000G,32mm,20.5g,7.0,http://bakucolle.com/archives/22732616.html
MechtaniumSurge,≪≪祉≪違,Aquos Boulderon,Aquos,600G/650G/700G/800G/950G/1000G,32mm,14.0g,7.0,http://bakucolle.com/archives/14733310.html
MechtaniumSurge,祉≪鴻,Haos Wolfurio,Haos,540G,32mm,17.0g,8.0,http://bakucolle.com/archives/18722107.html
MechtaniumSurge,若潟祉≪鴻,Darkus Wolfurio,Darkus,Unknown,32mm,g,8.0,http://bakucolle.com/archives/25054220.html
MechtaniumSurge,≪鴻,Wolfurio,Pyrus,810G,32mm,24.5g,7.0,http://bakucolle.com/archives/8792409.html
MechtaniumSurge,眼＜祉≪鴻,Pyrus Wolfurio,Pyrus,810G,32mm,17.0g,7.0,http://bakucolle.com/archives/29412123.html
MechtaniumSurge,≪≪祉≪鴻,Aquos Wolfurio,Aquos,700G/790G,32mm,24.5g,7.0,http://bakucolle.com/archives/13241165.html
MechtaniumSurge,泣祉ゃ潟ｃｃ祉,Subterra Infinity Helios,Subterra,Unknown,32mm,g,8.0,http://bakucolle.com/archives/25054231.html
MechtaniumSurge,若潟祉ゃ潟ｃｃ祉,Darkus Infinity Helios,Darkus,Unknown,32mm,g,8.0,http://bakucolle.com/archives/25045147.html
MechtaniumSurge,眼＜祉ゃ潟ｃｃ祉,Pyrus Infinity Helios,Pyrus,(650G-700G-750G-900G-950G-1150G),32mm,17.5g,7.0,http://bakucolle.com/archives/11503968.html
MechtaniumSurge,≪≪祉ゃ潟ｃｃ祉,Aquos Infinity Helios,Aquos,(700G-750G-800G-1000G-1050G-1200),32mm,17.5g,7.0,http://bakucolle.com/archives/8864314.html
MechtaniumSurge,若ｃ鴻祉ゃ潟ｃｃ祉,Ventus Infinity Helios,Ventus,(650G-700G-800G-900G-900G-950G),32mm,17.5g,7.0,http://bakucolle.com/archives/11503996.html
MechtaniumSurge,祉ゃ潟ｃｃ祉,Haso Infinity Helios,Haos,(550G-700G-800G-900G-1100G-1100G),32mm,17.5g,7.0,http://bakucolle.com/archives/11504054.html
MechtaniumSurge,若潟祉ゃ潟ｃｃ祉,Darkus Infinity Helios,Darkus,(750G-800G-850G-900G-1000G-1150G),32mm,17.5g,8.0,http://bakucolle.com/archives/11561046.html
MechtaniumSurge,眼＜祉ャ若帥潟祉,Pyrus Mutant Helios,Pyrus,740G+(200G/160G),32mm,18.0(5.5g+12.5g),8.0,http://bakucolle.com/archives/13241302.html
MechtaniumSurge,≪≪祉ャ若帥潟祉,Aquos Mutant Helios,Aquos,Unknown,32mm,18.0(5.5g+12.5g),7.0,http://bakucolle.com/archives/25042518.html
MechtaniumSurge,若ｃ鴻祉ャ若帥潟祉,Ventus Mutant Helios,Ventus,630G+(200G/160G),32mm,18.0(5.5g+12.5g),7.0,http://bakucolle.com/archives/12683267.html
MechtaniumSurge,若ｃ鴻祉ャ若帥潟祉,Ventus Mutant Helios,Ventus,900G+(120G/140G)850G+(?/?),32mm,18.0(5.5g+12.5g),7.0,http://bakucolle.com/archives/25026640.html
MechtaniumSurge,祉ャ若帥潟祉,Haos Mutant Helios,Haos,Unknown,32mm,18.0g,7.0,http://bakucolle.com/archives/29648533.html
MechtaniumSurge,≪≪祉≪,Aquos Aerogan,Aquos,850G,32mm,16.5g,5.0,http://bakucolle.com/archives/8865177.html
MechtaniumSurge,若潟祉ゃ冴,Darkus Razenoid,Darkus,(380G-440G-500G-560G-620G-680G),32mm,14.5g,7.0,http://bakucolle.com/archives/19419659.html
MechtaniumSurge,若潟祉ゃ冴,Darkus Razenoid,Darkus,(380G-440G-500G-560G-620G-680G),32mm,15.5g,10.0,http://bakucolle.com/archives/11562138.html
MechtaniumSurge,≪≪祉ゃ冴,Aquos Razenoid,Aquos,(500G-700G-800G-1100G),32mm,14.5g,7.0,http://bakucolle.com/archives/22732658.html
MechtaniumSurge,若ｃ鴻祉ゃ冴,Ventus Razenoid,Ventus,(700G-750G-800G-900G),32mm,25.5g,7.0,http://bakucolle.com/archives/8912983.html
MechtaniumSurge,泣祉ゃ冴,Subterra Razenoid,Subterra,(750G-850G-900G-1000),32mm,25.5g,7.0,http://bakucolle.com/archives/8872247.html
MechtaniumSurge,祉ゃ冴,Haos Razenoid,Haos,(500G-800G-850G-900G)(750G-800G-850G-950G),32mm,25.0g15.0g,7.0,http://bakucolle.com/archives/9007296.html
MechtaniumSurge,若潟祉ゃ冴,Darkus Razenoid,Darkus,(600G-700G-850G-950G),32mm,25.0g15.0g,7.0,http://bakucolle.com/archives/8966356.html
MechtaniumSurge,若ｃ鴻祉宴,Ventus Horridian,Ventus,560G,32mm,15.5g,7.0,http://bakucolle.com/archives/11561001.html
MechtaniumSurge,若ｃ鴻祉宴,Ventus Horridian,Ventus,900G,32mm,24.5g,7.0,http://bakucolle.com/archives/29411711.html
MechtaniumSurge,若ｃ鴻祉宴,Ventus Horridian,Ventus,800G,32mm,15.5g,7.0,http://bakucolle.com/archives/12681646.html
MechtaniumSurge,祉宴,Haos Horridian,Haos,830G,32mm,24.5g,7.0,http://bakucolle.com/archives/29411715.html
MechtaniumSurge,祉宴,Haos Horridian,Haos,830G,32mm,15.5g,7.0,http://bakucolle.com/archives/12681571.html
MechtaniumSurge,宴,Horridian,Haos,Unknown,,,,http://bakucolle.com/archives/6809471.html
MechtaniumSurge,,Bolcanon,Pyrus,540G,32mm,g,7.0,http://bakucolle.com/archives/25752152.html
MechtaniumSurge,≪≪祉,Aquos Bolcanon,Aquos,Unknown,32mm,g,7.0,http://bakucolle.com/archives/25054285.html
MechtaniumSurge,若ｃ鴻祉,Ventus Bolcanon,Ventus,Unknown,32mm,20.0g,6.0,http://bakucolle.com/archives/25713637.html
MechtaniumSurge,,Bolcanon,Subterra,930G,32mm,20.0g,5.0,http://bakucolle.com/archives/8597497.html
MechtaniumSurge,祉,Haos Bolcanon,Haos,940G,32mm,16.5g,7.0,http://bakucolle.com/archives/9006717.html
MechtaniumSurge,若潟祉,Darkus Bolcanon,Darkus,820G,32mm,20.5g,6.0,http://bakucolle.com/archives/8965987.html
MechtaniumSurge,眼＜祉鴻ゃ,Pyrus Krakenoid,Pyrus,870G,32mm,15.5g,7.0,http://bakucolle.com/archives/12683061.html
MechtaniumSurge,眼＜祉鴻ゃ,Pyrus Krakenoid,Pyrus,870G,32mm,12.5g,7.0,http://bakucolle.com/archives/11561180.html
MechtaniumSurge,若ｃ鴻祉鴻ゃ,Ventsu Krakenoid,Ventus,820G,32mm,15.5g,7.0,http://bakucolle.com/archives/27561411.html
MechtaniumSurge,泣祉鴻ゃ,Subterra Krakenoid,Subterra,800G/920G,32mm,15.5g,7.0,http://bakucolle.com/archives/8872056.html
MechtaniumSurge,祉鴻ゃ,Haos Krakenoid,Haos,850G,32mm,12.5g,7.0,http://bakucolle.com/archives/9007450.html
MechtaniumSurge,眼＜祉ャ若帥潟祉鴻ゃ,Pyrus Mutant Krakenoid,Pyrus,610G+(210G/100G),32mm,17.5g(4.5g+13.0g),7.0,http://bakucolle.com/archives/12683195.html
MechtaniumSurge,ャ若帥潟 祉鴻ゃ,Mutant Krakenoid,Pyrus,900G150G110G,32mm,,6.0,http://bakucolle.com/archives/6644776.html
MechtaniumSurge,≪≪祉ャ若帥潟祉鴻ゃ,Aquos Mutant Krakenoid,Aquos,Unknown,32mm,17.5g(4.5g+13.0g),7.0,http://bakucolle.com/archives/25042611.html
MechtaniumSurge,ャ若帥潟 祉鴻ゃ,Mutant Krakenoid,Haos,900G+(150G/110G),32mm,13.5g(4.5g+9.0g),6.0,http://bakucolle.com/archives/6578864.html
MechtaniumSurge,若ｃ鴻祉鴻ゃ,Ventus Spyron,Ventus,Unknown,32mm,g,7.0,http://bakucolle.com/archives/25044850.html
MechtaniumSurge,若潟祉鴻ゃ,Darkus Spyron,Darkus,Unknown,32mm,g,7.0,http://bakucolle.com/archives/25045135.html
MechtaniumSurge,眼＜祉鴻ゃ,Pyrus Spyron,Pyrus,820G,32mm,18.0g,7.0,http://bakucolle.com/archives/14734137.html
MechtaniumSurge,鴻ゃ,SPYRON,Pyrus,1000G/1020G,32mm,13.0g,7.0,http://bakucolle.com/archives/6645196.html
MechtaniumSurge,鴻ゃ,Spyron,Aquos,Unknown,,,,http://bakucolle.com/archives/6809608.html
MechtaniumSurge,若ｃ鴻祉鴻ゃ,Ventus Spyron,Ventus,560G/830G,32mm,18.0g,8.0,http://bakucolle.com/archives/8913346.html
MechtaniumSurge,若潟祉鴻ゃ,Darkus Spyron,Darkus,950G,32mm,18.0g,7.0,http://bakucolle.com/archives/12682750.html
MechtaniumSurge,若潟祉鴻ゃ,Darkus SPYRON,Darkus,1000G/1020G,32mm,13.0g,7.0,http://bakucolle.com/archives/14733862.html
MechtaniumSurge,眼＜祉眼＜若,Pyrus Vertexx,Pyrus,1050G,32mm,15.5g,7.0,http://bakucolle.com/archives/8793722.html
MechtaniumSurge,祉眼＜若,Haos Vertexx,Haos,850G,32mm,15.5g,7.0,http://bakucolle.com/archives/29411739.html
MechtaniumSurge,若潟祉眼＜若,Darkus Vertexx,Darkus,820G/950G,32mm,24.0g,7.0,http://bakucolle.com/archives/25026722.html
MechtaniumSurge,眼＜若,Vertexx,Darkus,810G,32mm,15.0g,7.0,http://bakucolle.com/archives/8597698.html
MechtaniumSurge,眼＜祉鴻,Pyrus Krowll,Pyrus,Unknown,32mm,g,8.0,http://bakucolle.com/archives/25042542.html
MechtaniumSurge,眼＜祉鴻,Pyrus Krowll,Pyrus,800G,32mm,14.0g,8.0,http://bakucolle.com/archives/8793059.html
MechtaniumSurge,≪≪祉鴻,Aquos Krowll,Aquos,920G,32mm,14.0g,8.0,http://bakucolle.com/archives/13241080.html
MechtaniumSurge,若ｃ鴻祉鴻,Ventus Krowll,Ventus,960G,32mm,17.0g,8.0,http://bakucolle.com/archives/8913430.html
MechtaniumSurge,眼＜祉ャ若帥潟祉鴻,Pyrus Mutant Krowll,Pyrus,730G,32mm,19.0g(5.5g+13.5g),8.0,http://bakucolle.com/archives/12898842.html
MechtaniumSurge,眼＜祉ャ若帥潟祉鴻,Pyrus Mutant Krowll,Pyrus,730G+(200G/140G),32mm,14.0g,8.0,http://bakucolle.com/archives/29412146.html
MechtaniumSurge,泣祉ャ若帥潟祉鴻,Subterra Mutant Krowll,Subterra,Unknown,32mm,19.0g(5.5g+13.5g),8.0,http://bakucolle.com/archives/25042547.html
MechtaniumSurge,泣祉ャ若帥潟祉鴻,Subterra Mutant Krowll,Subterra,480G+(160G/150G),32mm,14.0g,8.0,http://bakucolle.com/archives/29412179.html
MechtaniumSurge,眼＜祉泣ゃ潟祉若激,Pyrus Cyclone Percival,Pyrus,Unknown,32mm,22.0g,7.0,http://bakucolle.com/archives/22732371.html
MechtaniumSurge,≪≪祉泣ゃ潟祉若激,Aquos Cyclone Percival,Aquos,920G,32mm,14.5g,7.0,http://bakucolle.com/archives/22732424.html
MechtaniumSurge,若ｃ鴻祉泣ゃ潟祉若激,Ventus Cyclone Percival,Ventus,910G,32mm,14.5g,7.0,http://bakucolle.com/archives/22732441.html
MechtaniumSurge,祉泣ゃ潟祉若激,Haos Cyclone Percival,Haos,780G,32mm,22.0g,9.0,http://bakucolle.com/archives/22732504.html
MechtaniumSurge,祉泣ゃ潟祉若激,Haos Cyclone Percival,Haos,Unknown,32mm,14.5g,9.0,http://bakucolle.com/archives/22732534.html
MechtaniumSurge,若潟祉泣ゃ潟祉若激,Darkus Cyclone Percival,Darkus,770G/900G,32mm,14.5g22.0g,7.0,http://bakucolle.com/archives/8966037.html
MechtaniumSurge,若ｃ鴻祉激ャ祉ゃ潟違,Ventus Flash Ingram,Ventus,Unknown,32mm,,7.0,http://bakucolle.com/archives/25054338.html
MechtaniumSurge,激ャ祉ゃ潟違,Flash Ingram,Pyrus,920G,32mm,13.5g,6.0,http://bakucolle.com/archives/8792739.html
MechtaniumSurge,≪≪祉激ャ祉ゃ潟違,Aquos Flash Ingram,Aquos,Unknown,32mm,21.0g,7.0,http://bakucolle.com/archives/29411950.html
MechtaniumSurge,若ｃ鴻祉激ャ祉ゃ潟違,Ventus Flash Ingram,Ventus,800G/870G,32mm,13.5g21.0g,6.0,http://bakucolle.com/archives/8916607.html
MechtaniumSurge,若ｃ鴻祉激ャ祉ゃ潟違,Ventus Flash Ingram,Ventus,800G,32mm,13.5g,7.0,http://bakucolle.com/archives/22703392.html
MechtaniumSurge,祉激ャ祉ゃ潟違,Haos Flash Ingram,Haos,750G/830G,32mm,21.0g,7.0,http://bakucolle.com/archives/9007149.html
MechtaniumSurge,若潟祉激ャ祉ゃ潟違,Darkus Flash Ingram,Darkus,920G/980G,32mm,14.0g,6.0,http://bakucolle.com/archives/8966223.html
MechtaniumSurge,ャ若帥潟祉ｃ,Mutant Elfin,Pyrus,(700G/750G/800G/850G/900G/1000G)(700G/750G/800G/800G/850G/950G),32mm,14.0g,6.0,http://bakucolle.com/archives/8792589.html
MechtaniumSurge,ャ若帥潟祉ｃ,Mutant Elfin,Aquos,650G/800G/850G/950G/1000G/1150G,32mm,23.5g,7.0,http://bakucolle.com/archives/8597998.html
MechtaniumSurge,若ｃ鴻祉ャ若帥潟祉ｃ,Ventus Mutant Elfin,Ventus,(600G-700G-850G-850G-900G-1000G),32mm,14.0g,7.0,http://bakucolle.com/archives/8914407.html
MechtaniumSurge,祉ャ若帥潟祉ｃ,Haos Mutant Elfin,Haos,(600G-700G-750G-800G-850G-900G),32mm,14.0g/24.0g,7.0,http://bakucolle.com/archives/9006661.html
MechtaniumSurge,祉ャ若帥潟祉ｃ,Haos Mutant Elfin,Haos,600G-700G-750G-800G-850G-900G,32mm,13.5g,8.0,http://bakucolle.com/archives/27561462.html
MechtaniumSurge,若潟祉ャ若帥潟祉ｃ,Darkus Mutant Elfin,Darkus,(700G-750G-800G-850G-900G-1000G)(600G-650G-700G-850G-900G-1100G),32mm,14.0g24.0g,7.0,http://bakucolle.com/archives/8965792.html
MechtaniumSurge,眼＜祉帥,Pyrus Betadron,Pyrus,950G,32mm,14.5g,7.0,http://bakucolle.com/archives/8794274.html
MechtaniumSurge,眼＜祉帥,Pyrus Betadron,Pyrus,950G,32mm,15.0g,7.0,http://bakucolle.com/archives/11561854.html
MechtaniumSurge,若ｃ鴻祉帥,Ventus Betadron,Ventus,850G/970G,32mm,15.0g,7.0,http://bakucolle.com/archives/8916825.html
MechtaniumSurge,若潟祉帥,Darkus Betadron,Darkus,940G,32mm,15.0g,8.0,http://bakucolle.com/archives/25043019.html
MechtaniumSurge,若潟祉帥,Darkus Betadron,Darkus,950G,32mm,15.0g,7.0,http://bakucolle.com/archives/11561936.html
MechtaniumSurge,眼＜祉潟潟,Pyrus Kodokor,Pyrus,Unknown,32mm,14.0g,7.0,http://bakucolle.com/archives/21639839.html
MechtaniumSurge,眼＜祉潟潟,Pyrus Kodokor,Pyrus,930G,32mm,14.0g,7.0,http://bakucolle.com/archives/11561762.html
MechtaniumSurge,≪≪祉潟潟,Aquos Kodokor,Aquos,950G,32mm,14.0g,7.0,http://bakucolle.com/archives/8864693.html
MechtaniumSurge,≪≪祉潟潟,Aquos Kodokor,Aquos,950G,32mm,14.0g,7.0,http://bakucolle.com/archives/11561803.html
MechtaniumSurge,≪≪祉潟潟,Aquos Kodokor,Aquos,1000G/1020G,32mm,14.5g,8.0,http://bakucolle.com/archives/13241036.html
MechtaniumSurge,若ｃ鴻祉潟潟,Ventsu Kodokor,Ventus,950G,32mm,14.0g,7.0,http://bakucolle.com/archives/27640735.html
MechtaniumSurge,若ｃ鴻祉潟潟,Ventsu Kodokor,Ventus,Unknown,32mm,14.5g,8.0,http://bakucolle.com/archives/27640713.html
MechtaniumSurge,若ｃ鴻祉潟潟,Ventsu Kodokor,Ventus,1030G,32mm,14.0g,8.0,http://bakucolle.com/archives/29648824.html
MechtaniumSurge,泣祉潟潟,Subterra Kodokor,Subterra,990G,32mm,14.0g,7.0,http://bakucolle.com/archives/8872307.html
MechtaniumSurge,若潟祉潟潟,Darkus Kodokor,Darkus,880G,32mm,14.0g,8.0,http://bakucolle.com/archives/17382856.html
MechtaniumSurge,眼＜祉ャ帥,Pyrus Mutabrid,Pyrus,990G,32mm,13.0g,7.0,http://bakucolle.com/archives/8794589.html
MechtaniumSurge,眼＜祉ャ帥,Pyrus Mutabrid,Pyrus,1020G,32mm,13.0g,8.0,http://bakucolle.com/archives/17383605.html
MechtaniumSurge,≪≪祉ャ帥,Aquos Mutabrid,Aquos,930G,32mm,13.0g,7.0,http://bakucolle.com/archives/8864728.html
MechtaniumSurge,≪≪祉ャ帥,Aquos Mutabrid,Aquos,930G,32mm,13.0g,7.0,http://bakucolle.com/archives/9005909.html
MechtaniumSurge,若ｃ鴻祉ャ帥,Ventus Mutabrid,Ventus,920G,32mm,13.0g,7.0,http://bakucolle.com/archives/8916981.html
MechtaniumSurge,若ｃ鴻祉ャ帥,Ventus Mutabrid,Ventus,920G,32mm,13.0g,7.0,http://bakucolle.com/archives/8916883.html
MechtaniumSurge,眼＜祉若,Pyrus Worton,Pyrus,1020G,32mm,13.5g,9.0,http://bakucolle.com/archives/8793864.html
MechtaniumSurge,≪≪祉鴻,Aquos Balista,Aquos,970G/1020G,32mm,13.5g,9.0,http://bakucolle.com/archives/14733042.html
MechtaniumSurge,若ｃ鴻祉鴻,Ventus Balista,Ventus,850G,32mm,13.5g,9.0,http://bakucolle.com/archives/12899399.html
MechtaniumSurge,眼宴,Volkaos,Pyrus,Unknown,,27.0g,8.0,http://bakucolle.com/archives/12900394.html
MechtaniumSurge,泣祉鴻,Subterra Spatterix,Subterra,980G,32mm,13.5g,7.0,http://bakucolle.com/archives/12682841.html
MechtaniumSurge,祉鴻,Haos Spatterix,Haos,870G,32mm,13.5g,7.0,http://bakucolle.com/archives/29411994.html
MechtaniumSurge,若潟祉鴻,Darkus Spatterix,Darkus,820G,32mm,13.5g,7.0,http://bakucolle.com/archives/8966565.html
MechtaniumSurge,若潟祉鴻,Darkus Spatterix,Darkus,820G,32mm,13.5g,7.0,http://bakucolle.com/archives/10873791.html
MechtaniumSurge,眼＜祉鴻潟,Pyrus Stronk,Pyrus,870G,32mm,13.5g,7.0,http://bakucolle.com/archives/8793202.html
MechtaniumSurge,若ｃ鴻祉鴻潟,Ventus Stronk,Ventus,880G/970G,32mm,13.5g,7.0,http://bakucolle.com/archives/13241375.html
MechtaniumSurge,祉鴻潟,Haos Stronk,Haos,920G,32mm,13.5g,7.0,http://bakucolle.com/archives/29411985.html
MechtaniumSurge,若潟祉鴻潟,Darkus Stronk,Darkus,870G,32mm,13.5g,7.0,http://bakucolle.com/archives/8966622.html
MechtaniumSurge,若潟祉鴻潟,Darkus Stronk,Darkus,870G,32mm,13.5g,7.0,http://bakucolle.com/archives/10873897.html
MechtaniumSurge,祉鴻潟若帥,Haos Scorptak,Haos,Unknown,32mm,27.0g,7.0,http://bakucolle.com/archives/29412033.html
MechtaniumSurge,若潟祉鴻潟若帥,Darkus Scorptak,Darkus,820G+870G,32mm,27.0g,7.0,http://bakucolle.com/archives/8966880.html
MechtaniumSurge,若潟祉鴻潟若帥,Darkus Scorptak,Darkus,Unknown,32mm,27.0g,7.0,http://bakucolle.com/archives/29412035.html
MechtaniumSurge,眼＜祉潟,Pyrus Tremblar,Pyrus,900G+(100G),32mm,15.0g(10.5g/4.5g),8.0,http://bakucolle.com/archives/25026541.html
MechtaniumSurge,眼＜祉潟,Pyrus Tremblar,Pyrus,900G+(100G),32mm,15.0g,8.0,http://bakucolle.com/archives/29412081.html
MechtaniumSurge,≪≪祉潟,Aquos Tremblar,Aquos,Unknown,32mm,15.0g(10.5g/4.5g),8.0,http://bakucolle.com/archives/25026481.html
MechtaniumSurge,≪≪祉潟,Aquos Tremblar,Aquos,910G+(100G),32mm,15.0g,8.0,http://bakucolle.com/archives/29412083.html
MechtaniumSurge,若ｃ鴻祉潟,Ventus Tremblar,Ventus,890G+(100G)900G+(120G),32mm,15.0(10.5g/4.5g)g,8.0,http://bakucolle.com/archives/8915104.html
MechtaniumSurge,泣祉潟,Subterra Tremblar,Subterra,920G+(100G),32mm,15.0g(10.5g/4.5g),8.0,http://bakucolle.com/archives/25026455.html
MechtaniumSurge,祉潟,Haos Tremblar,Haos,950G+200G,32mm,15.0(10.5g/4.5g)g,9.0,http://bakucolle.com/archives/9007215.html
MechtaniumSurge,祉潟,Haso Tremblar,Haos,850G+(200G),32mm,15.0(10.5g/4.5g)g,8.0,http://bakucolle.com/archives/10873954.html
MechtaniumSurge,若潟祉潟,Darkus Tremblar,Darkus,950G+200G,32mm,15.0(10.5g/4.5g)g,8.0,http://bakucolle.com/archives/12899178.html
MechtaniumSurge,若潟祉潟,Darkus Tremblar,Darkus,880G+(100G),32mm,15.0g,8.0,http://bakucolle.com/archives/29412097.html
MechtaniumSurge,,,Clear,30G,,BAKUNANOMECHTOGAN,6.0,http://bakucolle.com/archives/28599638.html
MechtaniumSurge,,,Clear,40G,,BAKUNANOMECHTOGANBAKUTIN,6.0,http://bakucolle.com/archives/28599646.html
MechtaniumSurge,,,Clear,40G,,BAKUNANOBAKUTIN,6.0,http://bakucolle.com/archives/28599662.html
MechtaniumSurge,,,Clear,50G/70G,,BAKUNANOMECHTOGAN,6.0,http://bakucolle.com/archives/28599672.html
MechtaniumSurge,,,Clear,40G,,BAKUNANOMECHTOGAN,6.0,http://bakucolle.com/archives/28599678.html
MechtaniumSurge,,,Clear,40G/50G,,BAKUNANO,6.0,http://bakucolle.com/archives/28599700.html
MechtaniumSurge,,,Clear,50G,,BAKUNANOMECHTOGAN,6.0,http://bakucolle.com/archives/28599725.html
MechtaniumSurge,,,Clear,50G,,BAKUNANOMECHTOGAN,6.0,http://bakucolle.com/archives/28599752.html
MechtaniumSurge,,,Clear,60G,,BAKUNANO,5.0,http://bakucolle.com/archives/28599782.html
MechtaniumSurge,,,Clear,40G/60G,,BAKUNANOMECHTOGAN,5.0,http://bakucolle.com/archives/28599797.html
MechtaniumSurge,,,Clear,70G,,BAKUNANOMECHTOGAN,7.0,http://bakucolle.com/archives/28599812.html
MechtaniumSurge,,,Clear,80G,,BAKUNANOMECHTOGANTRIPLE THREATBAKUTIN,4.0,http://bakucolle.com/archives/28600306.html
MechtaniumSurge,,,Clear,80G/100G,,BAKUNANOMECHTOGANTRIPLE THREATBAKUTIN,4.0,http://bakucolle.com/archives/28599870.html
MechtaniumSurge,,,Clear,Unknown,,BAKUNANO,9.0,http://bakucolle.com/archives/28600268.html
MechtaniumSurge,,,Clear,Unknown,,BAKUNANO,9.0,http://bakucolle.com/archives/28600278.html
MechtaniumSurge,,,Clear,Unknown,,BAKUNANO,9.0,http://bakucolle.com/archives/28600283.html
MechtaniumSurge,,,Clear,Unknown,,BAKUNANO,9.0,http://bakucolle.com/archives/28600273.html
MechtaniumSurge,≪ゃ≪潟 鴻鴻≪若,Iron Man Stealth Armor,Aquos,960G,32mm,16.5g,7.0,http://bakucolle.com/archives/6777973.html
MechtaniumSurge,≪ゃ≪潟,Iron Man,Ventus,960G,32mm,16.5g,7.0,http://bakucolle.com/archives/19419748.html
MechtaniumSurge,≪ゃ≪潟,Iron Man,Haos,950G,32mm,16.5g,7.0,http://bakucolle.com/archives/6775039.html
MechtaniumSurge,≪ゃ≪潟 鴻鴻≪若,Iron Man Extremis Armor,Haos,950G,32mm,16.5g,6.0,http://bakucolle.com/archives/6777946.html
MechtaniumSurge,≪≪祉眼＜,Aquos Wolverine,Aquos,950G,32mm,15.5g,7.0,http://bakucolle.com/archives/6777454.html
MechtaniumSurge,眼＜,Wolverine,Subterra,Unknown,32mm,15.5g,8.0,http://bakucolle.com/archives/23748186.html
MechtaniumSurge,鴻ゃ若,Spider Man,Pyrus,970G,32mm,16.0g,7.0,http://bakucolle.com/archives/6777615.html
MechtaniumSurge,鴻ゃ若 鐚激潟若鴻若鐚,Spider Man 鐚Symbiote Suit鐚,Ventus,980G,32mm,16.5g,7.0,http://bakucolle.com/archives/6777878.html
MechtaniumSurge,ｃ潟≪＜,Captain America,Pyrus,970G,32mm,g,10.0,http://bakucolle.com/archives/23748200.html
MechtaniumSurge,ｃ潟≪＜ 若若潟,Captain America Bucky Barnes,Aquos,980G,32mm,15.5g,9.0,http://bakucolle.com/archives/6773493.html
MechtaniumSurge,鴻,Red Skull,Ventus,960G,32mm,15.0g,7.0,http://bakucolle.com/archives/12898724.html
MechtaniumSurge,鴻,Red Skull,Darkus,940G,32mm,15.0g,7.0,http://bakucolle.com/archives/12898615.html
MechtaniumSurge,祉鴻祉眼ゃ,Haos Blast Dragonoid,Haos,890G+60G,36mm,16.0g+2.5g,8.0,http://bakucolle.com/archives/14736133.html
MechtaniumSurge,≪≪祉若若若祉眼ゃ,Aquos Torpedor Dragonoid,Aquos,Unknown,36mm,,9.0,http://bakucolle.com/archives/27419627.html
MechtaniumSurge,≪≪祉若,Aquos Laserix,Aquos,870G+(50G),36mm,16.0g+(2.5g),8.0,http://bakucolle.com/archives/12681463.html
MechtaniumSurge,若ｃ鴻祉若,Ventus Laserix,Ventus,Unknown,36mm,,8.0,http://bakucolle.com/archives/6725771.html
MechtaniumSurge,≪≪祉鴻ゃ,Aquos Strikor,Aquos,880G+80G,36mm,15.5g+2.0g,8.0,http://bakucolle.com/archives/6727425.html
MechtaniumSurge,若ｃ鴻祉鴻ゃ,Ventus Strikor,Ventus,850G+40G,36mm,15.5g+2.0g,8.0,http://bakucolle.com/archives/14736185.html
MechtaniumSurge,祉鴻ゃ,Haos Strikor,Haos,Unknown,36mm,,8.0,http://bakucolle.com/archives/6725734.html
MechtaniumSurge,若潟祉鴻ゃ,Darkus Strikor,Darkus,Unknown,36mm,15.5g+2.0g,8.0,http://bakucolle.com/archives/29211762.html
MechtaniumSurge,若潟祉≪ゃ,Darkus Demolotoid,Darkus,Unknown,36mm,,9.0,http://bakucolle.com/archives/6725717.html
MechtaniumSurge,眼＜祉若若,Pyrus Beambrak,Pyrus,870G+50G/80G,36mm,,8.0,http://bakucolle.com/archives/6725667.html
MechtaniumSurge,若ｃ鴻祉若若,Ventus Beambrak,Ventus,860G,36mm,19.5g,8.0,http://bakucolle.com/archives/13241441.html
MechtaniumSurge,≪≪祉＜,Aquos Vomerix,Aquos,890G+(50G),36mm,16.0g+(2.0g),8.0,http://bakucolle.com/archives/6725710.html
MechtaniumSurge,祉＜,Haos Vomerix,Haos,900G+(60G-80G),36mm,16.5+(2.0g),8.0,http://bakucolle.com/archives/19419190.html
MechtaniumSurge,祉鴻帥,Haso Blastakor,Haos,890G+(50G-60G),36mm,16.0g+2.5g,9.0,http://bakucolle.com/archives/14736256.html
MechtaniumSurge,若潟祉帥,Darkus Katapultra,Darkus,880G+(40G-70G),36mm,16.0g+2.0g,9.0,http://bakucolle.com/archives/14736302.html
MechtaniumSurge,,鴻祉眼ゃ,Clear,Unknown,,,,http://bakucolle.com/archives/7652314.html
MechtaniumSurge,眼若,Gorem,Clear,Unknown,50mm,g,,http://bakucolle.com/archives/7679751.html
28mm,,眼ゃ,Clear,Unknown,,,,http://bakucolle.com/archives/7090407.html
28mm,眼ゃ,Dragonoid,Pyrus,290G/310G,28mm,9.25g,4.0,http://bakucolle.com/archives/7767924.html
28mm,眼ゃ,Dragonoid,Pyrus,340G,28mm,9.25g,4.0,http://bakucolle.com/archives/7768003.html
28mm,眼ゃ,Dragonoid,Aquos,310G,28mm,9.25g,4.0,http://bakucolle.com/archives/7792858.html
28mm,眼ゃ,Dragonoid,Subterra,290G/310G,28mm,9.25g,4.0,http://bakucolle.com/archives/7938220.html
28mm,眼ゃ,Dragonoid,Haos,260G/280G/300G,28mm,9.25g,4.0,http://bakucolle.com/archives/7875439.html
28mm,祉眼ゃ,Haos Dragonoid,Haos,330G,28mm,9.25g,7.0,http://bakucolle.com/archives/7978198.html
28mm,祉眼ゃ,Haos Dragonoid,Haos,330G,28mm,9.5g,10.0,http://bakucolle.com/archives/21652145.html
28mm,若潟祉眼ゃ,Darkus Dragonoid,Darkus,260G/300G/320G,28mm,9.25g,4.0,http://bakucolle.com/archives/8069133.html
28mm,眼ゃ ver.0.9 ｃ激с,Dragonoid,Darkus,380G,28mm,9.5g,4.0,http://bakucolle.com/archives/7860412.html
28mm,眼＜祉眼ゃ,Pyrus Dragonoid,Pyrus,/1/2/G,28mm,9.0g,8.0,http://bakucolle.com/archives/7768136.html
28mm,眼ゃ,Dragonoid,Pyrus,420G/450G,28mm,9.5g,8.0,http://bakucolle.com/archives/7768520.html
28mm,≪≪祉眼ゃ,Aquos Dragonoid,Aquos,250G/350G/400G,28mm,9.25g,8.0,http://bakucolle.com/archives/7793180.html
28mm,≪≪祉眼ゃ,Aquos Dragonoid,Aquos,300G,28mm,9.5g,8.0,http://bakucolle.com/archives/7793293.html
28mm,眼ゃ,Dragonoid,Ventus,300G,28mm,9.25g,8.0,http://bakucolle.com/archives/7818495.html
28mm,若ｃ鴻祉眼ゃ,Ventus Dragonoid,Ventus,400G,28mm,9.5g,8.0,http://bakucolle.com/archives/29334438.html
28mm,眼ゃ,Dragonoid,Subterra,350G,28mm,9.25g,8.0,http://bakucolle.com/archives/7894130.html
28mm,眼ゃ,Dragonoid,Subterra,Unknown,28mm,9.0g,7.0,http://bakucolle.com/archives/7850508.html
28mm,眼ゃ,Dragonoid,Haos,440G,28mm,9.25g,8.0,http://bakucolle.com/archives/19416604.html
28mm,眼ゃ,Dragonoid,Haos,510G,28mm,9.5g,8.0,http://bakucolle.com/archives/7875487.html
28mm,眼ゃ,Dragonoid,Darkus,25G/350G/470G,28mm,9.25g,8.0,http://bakucolle.com/archives/8069181.html
28mm,眼ゃ,Dragonoid,Darkus,420G,28mm,9.25g,7.0,http://bakucolle.com/archives/7859696.html
28mm,＜眼ゃ,Delta Dragonoid,Pyrus,380G,28mm,,8.0,http://bakucolle.com/archives/6815935.html
28mm,＜祉眼ゃ,Delta Dragonoid,Pyrus,Unknown,28mm,,9.0,http://bakucolle.com/archives/6928817.html
28mm,若潟祉＜祉眼ゃ,Darkus Delta Dragonoid,Darkus,350G/360G/370G,28mm,12.0g,8.0,http://bakucolle.com/archives/6928993.html
28mm,＜祉眼ゃ,Delta Dragonoid,Pyrus,Unknown,28mm,12.0g,8.0,http://bakucolle.com/archives/10877385.html
28mm,＜眼ゃ,Delta Dragonoid,Pyrus,560G,28mm,12.0g,8.0,http://bakucolle.com/archives/6815901.html
28mm,＜眼ゃ,Delta Dragonoid,Pyrus,560G,28mm,12.0g,8.0,http://bakucolle.com/archives/6817141.html
28mm,＜祉眼ゃ,Delta Dragonoid,Aquos,370G,28mm,12.0g,8.0,http://bakucolle.com/archives/8911996.html
28mm,＜眼ゃ,Delta Dragonoid,Aquos,550G,28mm,12.0g,8.0,http://bakucolle.com/archives/8291552.html
28mm,＜眼ゃ,Delta Dragonoid,Ventus,400G,28mm,g,8.0,http://bakucolle.com/archives/6816923.html
28mm,＜眼ゃ,Delta Dragonoid,Ventus,520G/580G,28mm,12.0g,8.0,http://bakucolle.com/archives/6817118.html
28mm,＜祉眼ゃ,Delta Dragonoid,Subterra,Unknown,28mm,12.0g,9.0,http://bakucolle.com/archives/10875988.html
28mm,祉＜眼ゃ,Haos Delta Dragonoid,Haos,Unknown,28mm,g,8.0,http://bakucolle.com/archives/29601371.html
28mm,＜眼ゃ,Delta Dragonoid,Haos,530G,28mm,12.0g,8.0,http://bakucolle.com/archives/6815828.html
28mm,＜眼ゃ,Delta Dragonoid,Haos,530G,28mm,12.0g,8.0,http://bakucolle.com/archives/8291603.html
28mm,＜眼ゃ,Delta Dragonoid,Darkus,350G,28mm,,8.0,http://bakucolle.com/archives/6816994.html
28mm,泣祉ャ≪祉ャ,Subterra Dual Hydranoid,Subterra,340G,28mm,12.0g,9.0,http://bakucolle.com/archives/25755110.html
28mm,ャ≪ャ,Dual Hydranoid,Darkus,380G/400G,28mm,12.0g,8.0,http://bakucolle.com/archives/7943802.html
28mm,ャ≪ャ,Dual Hydranoid,Pyrus,300G,28mm,12.0g,8.0,http://bakucolle.com/archives/6791771.html
28mm,ャ≪ャ,Dual Hydranoid,Aquos,250G,28mm,12.0g,8.0,http://bakucolle.com/archives/6791909.html
28mm,ャ≪ャ,Dual Hydranoid,Ventus,Unknown,28mm,12.0g,8.0,http://bakucolle.com/archives/10876175.html
28mm,ャ≪ャ,Dual Hydranoid,Ventus,520G,28mm,12.5g,8.0,http://bakucolle.com/archives/6792131.html
28mm,ャ≪ャ,Dual Hydranoid,Ventus,520G,28mm,12.5g,8.0,http://bakucolle.com/archives/6792046.html
28mm,ャ≪ャ,Dual Hydranoid,Subterra,550G,28mm,12.5g,8.0,http://bakucolle.com/archives/19416561.html
28mm,ャ≪ャ,Dual Hydranoid,Subterra,550G,28mm,12.5g,8.0,http://bakucolle.com/archives/6791948.html
28mm,ャ≪ャ,Dual Hydranoid,Haos,370G/400G,28mm,12.0g,9.0,http://bakucolle.com/archives/8291395.html
28mm,ャ≪ャ,Dual Hydranoid,Haos,590G,28mm,12.5g,8.0,http://bakucolle.com/archives/6792260.html
28mm,若潟祉ャ≪ャ,Darkus Dual Hydranoid,Darkus,380G,28mm,12.0g,8.0,http://bakucolle.com/archives/6791492.html
28mm,ャ≪ャ,Dual Hydranoid,Darkus,580G,28mm,12.5g,8.0,http://bakucolle.com/archives/6792201.html
28mm,ャ≪ャ,Dual Hydranoid,Darkus,580G,28mm,12.5g,8.0,http://bakucolle.com/archives/6792099.html
28mm,ｃ違,Tigrerra,Pyrus,380G/400G,28mm,9.0g,3.0,http://bakucolle.com/archives/7768966.html
28mm,若ｃ鴻祉ｃ違,Ventus Tigrerra,Ventus,290G,28mm,13.0g,8.0,http://bakucolle.com/archives/25754902.html
28mm,泣祉ｃ違,Subterra Tigrerra,Subterra,Unknown,28mm,9.0g,8.0,http://bakucolle.com/archives/25755028.html
28mm,ｃ違,Tigrerra,Haos,270G/330G/340G/360G,28mm,9.0g,8.0,http://bakucolle.com/archives/7879010.html
28mm,ｃ違,Tigrerra,Haos,380G,28mm,9.0g,3.0,http://bakucolle.com/archives/7879472.html
28mm,若潟祉ｃ違,Darkus Tigrerra,Darkus,250G,28mm,9.0g,8.0,http://bakucolle.com/archives/25755019.html
28mm,ｃ違,Tigrerra,Pyrus,300G/350G,28mm,9.0g,8.0,http://bakucolle.com/archives/7768868.html
28mm,ｃ違,Tigrerra,Pyrus,400G,28mm,9.0g,8.0,http://bakucolle.com/archives/22028402.html
28mm,ｃ違,Tigrerra,Aquos,350G,28mm,9.0g,8.0,http://bakucolle.com/archives/7792307.html
28mm,ｃ違,Tigrerra,Aquos,350G,28mm,9.5g,8.0,http://bakucolle.com/archives/7792416.html
28mm,ｃ違,Tigrerra,Subterra,400G,28mm,9.0g,8.0,http://bakucolle.com/archives/7894431.html
28mm,ｃ違,Tigrerra,Haos,300G/350G/400G/520G,28mm,9.0g,8.0,http://bakucolle.com/archives/7879633.html
28mm,ｃ違,Tigrerra,Haos,350G,28mm,9.5g,8.0,http://bakucolle.com/archives/7887199.html
28mm,若潟祉ｃ違,Darkus Tigrerra,Darkus,300G/450G/650G,28mm,9.0g,8.0,http://bakucolle.com/archives/8069216.html
28mm,帥,Preyas,Pyrus,380G,28mm,7.5g,3.0,http://bakucolle.com/archives/7771754.html
28mm,帥,Preyas,Aquos,340G,28mm,7.5g,8.0,http://bakucolle.com/archives/7942876.html
28mm,帥,Preyas,Aquos,380G/400G/420G,28mm,7.5g,3.0,http://bakucolle.com/archives/7795113.html
28mm,帥,Preyas,Haos,380G/400G/420G,28mm,7.5g,3.0,http://bakucolle.com/archives/7875519.html
28mm,若潟祉帥,Darkus Preyas,Darkus,250G/310G,28mm,8.0g,8.0,http://bakucolle.com/archives/25755047.html
28mm,帥,Preyas,Pyrus,350G,28mm,7.5g,7.0,http://bakucolle.com/archives/22028378.html
28mm,帥,Preyas,Pyrus,520G,28mm,8.0g,8.0,http://bakucolle.com/archives/7772001.html
28mm,帥,Preyas,Aquos,350G,28mm,7.5g,8.0,http://bakucolle.com/archives/7795439.html
28mm,帥,Preyas,Aquos,520G,28mm,8.0g,8.0,http://bakucolle.com/archives/7848361.html
28mm,帥,Preyas,Aquos,520G,28mm,8.0g,8.0,http://bakucolle.com/archives/19416526.html
28mm,帥,Preyas,Ventus,450G,28mm,7.5g,8.0,http://bakucolle.com/archives/7821944.html
28mm,帥,Preyas,Ventus,660G(450G/520G/660G),28mm,8.0g,8.0,http://bakucolle.com/archives/7822015.html
28mm,帥,Preyas,Subterra,400G,28mm,7.5g,8.0,http://bakucolle.com/archives/8179401.html
28mm,泣祉帥,Subterra Preyas,Subterra,670G(380G-570-670G),28mm,8.0g,8.0,http://bakucolle.com/archives/26573060.html
28mm,帥,Preyas,Haos,250G,28mm,7.5g,8.0,http://bakucolle.com/archives/7875620.html
28mm,帥,Preyas,Haos,480G,28mm,8.0g,8.0,http://bakucolle.com/archives/7875717.html
28mm,帥,Preyas,Haos,480G,28mm,8.0g,8.0,http://bakucolle.com/archives/7875687.html
28mm,若潟祉帥,Darkus Preyas,Darkus,1250G/450G,28mm,7.5g,8.0,http://bakucolle.com/archives/10884383.html
28mm,帥,Preyas,Darkus,Unknown,28mm,7.5g,9.0,http://bakucolle.com/archives/10876347.html
28mm,帥,Preyas,Darkus,680G,28mm,8.0g,8.0,http://bakucolle.com/archives/10886141.html
28mm,帥,Preyas,Darkus,500G,28mm,8.0g,8.0,http://bakucolle.com/archives/7859754.html
28mm,с,Skyress,Pyrus,380G/400G/420G,28mm,9.0g,3.0,http://bakucolle.com/archives/7770874.html
28mm,с,Skyress,Aquos,420G,28mm,8.0g,3.0,http://bakucolle.com/archives/7792561.html
28mm,с,Skyress,Ventus,350G,28mm,8.5g,8.0,http://bakucolle.com/archives/10884643.html
28mm,с,Skyress,Ventus,380G/420G,28mm,8.0g,3.0,http://bakucolle.com/archives/7821783.html
28mm,с,Skyress,Ventus,370G,28mm,8.5g,10.0,http://bakucolle.com/archives/19675941.html
28mm,泣祉с,Subterra Skyress,Subterra,300G,28mm,8.0g,8.0,http://bakucolle.com/archives/25755003.html
28mm,с,Skyress,Pyrus,300G/400G,28mm,8.5g,8.0,http://bakucolle.com/archives/7771324.html
28mm,с,Skyress,Aquos,350G,28mm,8.5g,8.0,http://bakucolle.com/archives/7792690.html
28mm,с,Skyress,Aquos,510G,28mm,8.5g,8.0,http://bakucolle.com/archives/7848170.html
28mm,с,Skyress,Ventus,250G/350G,28mm,8.5g,8.0,http://bakucolle.com/archives/7821844.html
28mm,с,Skyress,Ventus,540G,28mm,8.5g,8.0,http://bakucolle.com/archives/6927732.html
28mm,с,Skyress,Subterra,Unknown,28mm,8.5g,8.0,http://bakucolle.com/archives/7894173.html
28mm,с,Skyress,Subterra,550G,28mm,8.5g,8.0,http://bakucolle.com/archives/6927895.html
28mm,с,Skyress,Haos,450G,28mm,8.5g,8.0,http://bakucolle.com/archives/7871919.html
28mm,с,Skyress,Darkus,400G/450G,28mm,8.5g,8.0,http://bakucolle.com/archives/8069247.html
28mm,眼若,Gorem,Ventus,380G/400G/420G,28mm,8.0g,3.0,http://bakucolle.com/archives/7817287.html
28mm,若ｃ鴻祉眼若,Ventus Gorem,Ventus,330G,28mm,8.5g,8.0,http://bakucolle.com/archives/25754882.html
28mm,眼若,Gorem,Subterra,330G/340G/350G/370G,28mm,8.0g,8.0,http://bakucolle.com/archives/7894645.html
28mm,眼若,Gorem,Subterra,380G,28mm,8.0g,3.0,http://bakucolle.com/archives/7894504.html
28mm,泣祉眼若,Subterra Gorem,Subterra,Unknown,28mm,8.5g,8.0,http://bakucolle.com/archives/25754952.html
28mm,若潟祉眼若,Darkus Gorem,Darkus,250G,28mm,8.5g,8.0,http://bakucolle.com/archives/25754906.html
28mm,眼＜祉眼若,Pyrus Gorem,Pyrus,330G/400G/430G,28mm,8.0g,8.0,http://bakucolle.com/archives/7771504.html
28mm,眼若,Gorem,Pyrus,300G/400G,28mm,8.5g,8.0,http://bakucolle.com/archives/7771600.html
28mm,眼若,Gorem,Ventus,250G/350G/400G,28mm,8.5g,8.0,http://bakucolle.com/archives/7818049.html
28mm,眼若,Gorem,Ventus,430G,28mm,8.5g,7.0,http://bakucolle.com/archives/25713596.html
28mm,泣祉眼若,Subterra Gorem,Subterra,390G/400G/450G/510G,28mm,8.5g,8.0,http://bakucolle.com/archives/7894805.html
28mm,眼若,Gorem,Haos,450G,28mm,8.0g,7.0,http://bakucolle.com/archives/7875776.html
28mm,若潟祉眼若,Darkus Gorem,Darkus,250G/300G/400G,28mm,8.5g,8.0,http://bakucolle.com/archives/8069104.html
28mm,眼若,Gorem,Darkus,420G,28mm,8.0g,7.0,http://bakucolle.com/archives/7859813.html
28mm,吟,Saurus,Pyrus,310G,28mm,9.0g,4.0,http://bakucolle.com/archives/7773758.html
28mm,吟,Saurus,Pyrus,310G,28mm,9.0g,4.0,http://bakucolle.com/archives/7773812.html
28mm,吟,Saurus,Aquos,310G,28mm,9.0g,4.0,http://bakucolle.com/archives/7794349.html
28mm,吟,Saurus,Subterra,280G,28mm,9.0g,4.0,http://bakucolle.com/archives/7937650.html
28mm,吟,Saurus,Haos,350G,28mm,9.0g,4.0,http://bakucolle.com/archives/7872275.html
28mm,吟,Saurus,Haos,280G,28mm,9.0g,4.0,http://bakucolle.com/archives/7872492.html
28mm,若潟祉吟,Darkus Saurus,Darkus,310G/340G,28mm,9.0g,4.0,http://bakucolle.com/archives/7979459.html
28mm,眼＜祉吟,Pyrus Saurus,Pyrus,300G/400G,28mm,9.0g,6.0,http://bakucolle.com/archives/19416371.html
28mm,吟,Saurus,Pyrus,400G,28mm,9.5g,8.0,http://bakucolle.com/archives/8179235.html
28mm,吟,Saurus,Aquos,250G/350G,28mm,9.0g,5.0,http://bakucolle.com/archives/7794405.html
28mm,吟,Saurus,Ventus,350G,28mm,9.0g,6.0,http://bakucolle.com/archives/7815210.html
28mm,吟,Saurus,Subterra,Unknown,28mm,9.0g,5.0,http://bakucolle.com/archives/12999646.html
28mm,祉吟,Haos Saurus,Haos,250G/330G/380G/450G/460G,28mm,9.0g,5.0,http://bakucolle.com/archives/7872623.html
28mm,若潟祉吟,Darkus Saurus,Darkus,250G/300G/450G,28mm,9.0g,5.0,http://bakucolle.com/archives/7979495.html
28mm,鴻潟若,Stinglash,Pyrus,290G,28mm,7.5g,4.0,http://bakucolle.com/archives/7769036.html
28mm,鴻潟若,Stinglash,Aquos,280G/330G,28mm,7.5g,4.0,http://bakucolle.com/archives/7794443.html
28mm,鴻潟若,Stinglash,Subterra,280G/300G,28mm,7.5g,4.0,http://bakucolle.com/archives/7937863.html
28mm,鴻潟若,Stinglash,Subterra,320G,28mm,7.5g,4.0,http://bakucolle.com/archives/7937912.html
28mm,鴻潟若,Stinglash,Haos,290G/310G,28mm,7.5g,4.0,http://bakucolle.com/archives/7875245.html
28mm,若潟祉鴻潟若,Darkus Stinglash,Darkus,270G/310G,28mm,7.5g,4.0,http://bakucolle.com/archives/22703033.html
28mm,鴻潟若,Stinglash,Pyrus,250G/500G/570G,28mm,7.5g,5.0,http://bakucolle.com/archives/7769165.html
28mm,鴻潟若,Stinglash,Aquos,250G/300G/450G,28mm,7.5g,5.0,http://bakucolle.com/archives/7794552.html
28mm,鴻潟若,Stinglash,Aquos,350G,28mm,7.5g,7.0,http://bakucolle.com/archives/7848286.html
28mm,鴻潟若,Stinglash,Ventus,300G/350G/400G/510G,28mm,7.5g,5.0,http://bakucolle.com/archives/7822237.html
28mm,鴻潟若,Stinglash,Subterra,250G/300G/350G\460G,28mm,7.5g,5.0,http://bakucolle.com/archives/7894315.html
28mm,祉鴻潟若,Haos Stinglash,Haos,350G/470G/500G,28mm,7.5g,5.0,http://bakucolle.com/archives/7875396.html
28mm,鴻潟若,Stinglash,Darkus,350G,28mm,7.5g,5.0,http://bakucolle.com/archives/8178957.html
28mm,鴻潟若,Stinglash,Darkus,400G,28mm,7.5g,8.0,http://bakucolle.com/archives/7979415.html
28mm,吾ｃ若若,Juggernoid,Pyrus,280G,28mm,7.5g,4.0,http://bakucolle.com/archives/7768239.html
28mm,吾ｃ若若 ver.0.9 ｃ激с,Juggernoid,Pyrus,300G,28mm,7.5g,7.0,http://bakucolle.com/archives/14732822.html
28mm,眼＜祉吾ｃ若若,Pyrus Juggernoid,Pyrus,370G,28mm,7.5g,10.0,http://bakucolle.com/archives/27361571.html
28mm,吾ｃ若若,Juggernoid,Aquos,300G,28mm,7.5g,4.0,http://bakucolle.com/archives/10884412.html
28mm,吾ｃ若若,Juggernoid,Aquos,340G,28mm,8.0g,4.0,http://bakucolle.com/archives/7792175.html
28mm,吾ｃ若若,Juggernoid,Subterra,300G/330G,28mm,7.5g,4.0,http://bakucolle.com/archives/7937665.html
28mm,吾ｃ若若 ver.0.9 ｃ激с,Juggernoid,Subterra,270G,28mm,7.5g,7.0,http://bakucolle.com/archives/14732871.html
28mm,吾ｃ若若,Juggernoid,Haos,290G/300G,28mm,7.5g,4.0,http://bakucolle.com/archives/7872153.html
28mm,吾ｃ若若,Juggernoid,Haos,280G/340G,28mm,8.5g,4.0,http://bakucolle.com/archives/7872234.html
28mm,若潟祉吾ｃ若若,Darkus Juggernoid,Darkus,270G/300G,28mm,7.5g,4.0,http://bakucolle.com/archives/7979552.html
28mm,吾ｃ若若 ver.0.9 ｃ激с,Juggernoid,Darkus,260G,28mm,7.5g,7.0,http://bakucolle.com/archives/14732858.html
28mm,吾ｃ若若,Juggernoid,Pyrus,350G/400G/490G,28mm,8.0g,5.0,http://bakucolle.com/archives/7768307.html
28mm,吾ｃ若若,Juggernoid,Aquos,300G,28mm,8.0g,5.0,http://bakucolle.com/archives/7792207.html
28mm,吾ｃ若若,Juggernoid,Aquos,450G,28mm,8.0g,8.0,http://bakucolle.com/archives/8179093.html
28mm,吾ｃ若若,Juggernoid,Aquos,400G,28mm,8.0g,7.0,http://bakucolle.com/archives/7848211.html
28mm,吾ｃ若若,Juggernoid,Ventus,400G,28mm,8.0g,5.0,http://bakucolle.com/archives/7815153.html
28mm,吾ｃ若若,Juggernoid,Subterra,500G,28mm,8.0g,5.0,http://bakucolle.com/archives/7894925.html
28mm,吾ｃ若若,Juggernoid,Darkus,Unknown,28mm,8.0g,5.0,http://bakucolle.com/archives/10876403.html
28mm,違,Griffon,Pyrus,290G/350G,28mm,8.5g,4.0,http://bakucolle.com/archives/7773686.html
28mm,違,Griffon,Aquos,Unknown,28mm,8.5g,4.0,http://bakucolle.com/archives/21951572.html
28mm,違,Griffon,Subterra,290G,28mm,8.5g,4.0,http://bakucolle.com/archives/7938236.html
28mm,違,Griffon,Haos,340G,28mm,8.5g,4.0,http://bakucolle.com/archives/7870699.html
28mm,違,Griffon,Haos,340G,28mm,8.5g,4.0,http://bakucolle.com/archives/7870827.html
28mm,違 ver.0.9 ｃ激с,Griffon,Haos,260G,28mm,8.5g,7.0,http://bakucolle.com/archives/14732908.html
28mm,違,Griffon,Darkus,280G/310G,28mm,8.5g,4.0,http://bakucolle.com/archives/7978945.html
28mm,違,Griffon,Pyrus,350G/370G,28mm,9.0g,5.0,http://bakucolle.com/archives/7773719.html
28mm,違,Griffon,Aquos,350G,28mm,8.0g,5.0,http://bakucolle.com/archives/7793357.html
28mm,違,Griffon,Aquos,400G,28mm,8.0g,7.0,http://bakucolle.com/archives/7848246.html
28mm,違,Griffon,Ventus,250G/440G/490G/530G,28mm,8.0g,5.0,http://bakucolle.com/archives/7822168.html
28mm,違,Griffon,Ventus,400G,28mm,8.5g,7.0,http://bakucolle.com/archives/7862036.html
28mm,違,Griffon,Haos,300G,28mm,9.0g,8.0,http://bakucolle.com/archives/7871014.html
28mm,違,Griffon,Darkus,350G,28mm,9.0g,5.0,http://bakucolle.com/archives/22028315.html
28mm,若吟若,Lazerman,Pyrus,310G,28mm,7.0g,4.0,http://bakucolle.com/archives/7771366.html
28mm,若吟若,Lazerman,Aquos,Unknown,28mm,7.0g,4.0,http://bakucolle.com/archives/21951591.html
28mm,若吟若,Lazerman,Subterra,340G,28mm,7.0g,4.0,http://bakucolle.com/archives/7937707.html
28mm,若吟若,Lazerman,Subterra,280G,28mm,7.0g,4.0,http://bakucolle.com/archives/7937785.html
28mm,若吟若,Lazerman,Haos,310G,28mm,7.0g,4.0,http://bakucolle.com/archives/7870611.html
28mm,若吟若,Lazerman,Darkus,270G/340G,28mm,7.0g,4.0,http://bakucolle.com/archives/7978913.html
28mm,若吟若,Lazerman,Pyrus,350G,28mm,7.0g,5.0,http://bakucolle.com/archives/8179339.html
28mm,若吟若,Lazerman,Pyrus,350G,28mm,g,7.0,http://bakucolle.com/archives/10877443.html
28mm,若吟若,Lazerman,Pyrus,400G,28mm,7.0g,7.0,http://bakucolle.com/archives/7771410.html
28mm,≪≪祉若吟若,Aquos Lazerman,Aquos,350G,28mm,7.0g,5.0,http://bakucolle.com/archives/7791594.html
28mm,若吟若,Lazerman,Ventus,300G,28mm,7.0g,5.0,http://bakucolle.com/archives/7822285.html
28mm,若吟若,Lazerman,Subterra,350G,28mm,7.0g,5.0,http://bakucolle.com/archives/7894220.html
28mm,若吟若,Lazerman,Haos,440G/500G,28mm,7.0g,5.0,http://bakucolle.com/archives/7870653.html
28mm,若吟若,Lazerman,Darkus,350G,28mm,7.0g,5.0,http://bakucolle.com/archives/8178982.html
28mm,祉潟若,Centipoid,Pyrus,270G/310G,28mm,8.0g,4.0,http://bakucolle.com/archives/7774570.html
28mm,祉潟若,Centipoid,Aquos,340G,28mm,8.0g,4.0,http://bakucolle.com/archives/7794331.html
28mm,祉潟若,Centipoid,Subterra,320G,28mm,8.0g,4.0,http://bakucolle.com/archives/7938013.html
28mm,祉潟若,Centipoid,Subterra,350G,28mm,8.0g,4.0,http://bakucolle.com/archives/7937936.html
28mm,祉潟若,Centipoid,Haos,280G,28mm,8.0g,4.0,http://bakucolle.com/archives/7871765.html
28mm,祉潟若,Centipoid,Darkus,310G/350G,28mm,8.0g,4.0,http://bakucolle.com/archives/8069295.html
28mm,若潟祉祉潟若,Darkus Centipoid,Darkus,310G,28mm,8.5g,4.0,http://bakucolle.com/archives/8069375.html
28mm,祉潟若,Centipoid,Aquos,400G,28mm,8.0g,5.0,http://bakucolle.com/archives/8179162.html
28mm,祉潟若,Centipoid,Aquos,Unknown,28mm,g,7.0,http://bakucolle.com/archives/10877674.html
28mm,祉潟若,Centipoid,Ventus,350G/450G/490G,28mm,8.0g,5.0,http://bakucolle.com/archives/7814982.html
28mm,祉潟若,Centipoid,Subterra,400G,28mm,8.0g,5.0,http://bakucolle.com/archives/7894198.html
28mm,祉潟若,Centipooid,Haos,450G,28mm,8.0g,7.0,http://bakucolle.com/archives/7871831.html
28mm,祉潟若,Centipoid,Darkus,350G,28mm,8.0g,5.0,http://bakucolle.com/archives/8069401.html
28mm,激с,Reaper,Pyrus,290G/320G,28mm,8.5g,4.0,http://bakucolle.com/archives/7774145.html
28mm,眼＜祉激с,Pyrus Reaper,Pyrus,370G/390G,28mm,9.0g,10.0,http://bakucolle.com/archives/19675316.html
28mm,眼＜祉激с,Pyrus Reaper,Pyrus,370G,28mm,9.0g,10.0,http://bakucolle.com/archives/27361696.html
28mm,激с,Reaper,Aquos,300G/320G,28mm,8.5g,4.0,http://bakucolle.com/archives/7791485.html
28mm,激с,Reaper,Ventus,280G,28mm,8.5g,4.0,http://bakucolle.com/archives/7814753.html
28mm,泣祉激с,Subterra Reaper,Subterra,310G,28mm,8.5g,4.0,http://bakucolle.com/archives/7937571.html
28mm,激с,Reaper,Haos,290G/310G,28mm,8.5g,4.0,http://bakucolle.com/archives/7868436.html
28mm,若潟祉激с,Darkus Reaper,Darkus,270G/310G,28mm,8.5g,4.0,http://bakucolle.com/archives/7978626.html
28mm,若潟祉激с,Darkus Reaper,Darkus,340G,28mm,8.5g,4.0,http://bakucolle.com/archives/7978665.html
28mm,若潟祉激с,Darkus Reaper,Darkus,390G,28mm,9.0g,10.0,http://bakucolle.com/archives/27361720.html
28mm,眼＜祉激с,Pyrus Reaper,Pyrus,350G/440G,28mm,8.5g,5.0,http://bakucolle.com/archives/7774198.html
28mm,激с,Reaper,Pyrus,400G,28mm,9.0g,8.0,http://bakucolle.com/archives/7774251.html
28mm,激с,Reaper,Aquos,350G/420G,28mm,8.5g,5.0,http://bakucolle.com/archives/7791535.html
28mm,激с,Reaper,Ventus,450G,28mm,8.5g,5.0,http://bakucolle.com/archives/10877838.html
28mm,激с,Reaper,Subterra,Unknown,28mm,8.5g,5.0,http://bakucolle.com/archives/7894856.html
28mm,激с,Reaper,Subterra,350G,28mm,9.0g,8.0,http://bakucolle.com/archives/7894889.html
28mm,若潟祉激с,Darkus Reaper,Darkus,250G/340G,28mm,8.5g,5.0,http://bakucolle.com/archives/8178823.html
28mm,純,Robotallion,Pyrus,280G/300G,28mm,9.5g,4.0,http://bakucolle.com/archives/7767587.html
28mm,純,Robotallion,Aquos,270G/320G,28mm,9.5g,4.0,http://bakucolle.com/archives/7791894.html
28mm,純,Robotallion,Aquos,280G,28mm,9.5g,4.0,http://bakucolle.com/archives/7791991.html
28mm,≪≪祉純,Aquos Robotallion,Aquos,370G/390G,28mm,9.5g,10.0,http://bakucolle.com/archives/19675398.html
28mm,泣祉純,Subterra Robotallion,Subterra,320G,28mm,9.5g,4.0,http://bakucolle.com/archives/7937594.html
28mm,純,Robotallion,Haos,300G/320G,28mm,9.5g,4.0,http://bakucolle.com/archives/7870419.html
28mm,若潟祉純,Darkus Robotallion,Darkus,290G/310G,28mm,9.5g,4.0,http://bakucolle.com/archives/7979034.html
28mm,純,Robotallion,Pyrus,300G/350G/360G,28mm,9.0g,5.0,http://bakucolle.com/archives/7767780.html
28mm,純,Robotallion,Pyrus,400G/470G,28mm,9.0g,7.0,http://bakucolle.com/archives/7767853.html
28mm,純,Robotallion,Aquos,250G,28mm,9.0g,5.0,http://bakucolle.com/archives/8179026.html
28mm,純,Robotallion,Ventus,400G/450G,28mm,9.0g,5.0,http://bakucolle.com/archives/7814865.html
28mm,純,Robotallion,Subterra,400G,28mm,9.0g,5.0,http://bakucolle.com/archives/8179483.html
28mm,純,Robotallion,Haos,250G,28mm,9.0g,5.0,http://bakucolle.com/archives/12999763.html
28mm,純,Robotallion,Haos,400G,28mm,9.0g,7.0,http://bakucolle.com/archives/8179522.html
28mm,純,Robotallion,Darkus,250G/420G/510G,28mm,9.0g,5.0,http://bakucolle.com/archives/7979100.html
28mm,純,Robotallion,Darkus,400G,28mm,9.0g,8.0,http://bakucolle.com/archives/7979164.html
28mm,激ャ,Fear Ripper,Pyrus,300G/330G,28mm,8.5g,4.0,http://bakucolle.com/archives/7767326.html
28mm,眼＜祉激ャ,Pyrus Fear Ripper,Pyrus,370G,28mm,8.5g,10.0,http://bakucolle.com/archives/27361679.html
28mm,激ャ,Fear Ripper,Aquos,280G/300G,28mm,8.5g,4.0,http://bakucolle.com/archives/7793397.html
28mm,泣祉激ャ,Subterra Fear Ripper,Subterra,280G,28mm,8.5g,4.0,http://bakucolle.com/archives/7937625.html
28mm,泣祉激ャ,Subterra Fear Ripper,Subterra,330G/370G,28mm,9.0g,10.0,http://bakucolle.com/archives/10884332.html
28mm,激ャ,Fear Ripper,Haos,270G/310G,28mm,8.5g,4.0,http://bakucolle.com/archives/7869370.html
28mm,激ャ,Fear Ripper,Darkus,300G/330G,28mm,8.5g,4.0,http://bakucolle.com/archives/7978830.html
28mm,若潟祉激ャ,Darkus Fear Ripper,Darkus,310G,28mm,8.5g,4.0,http://bakucolle.com/archives/7978875.html
28mm,激ャ,Fear Ripper,Pyrus,380G,28mm,8.5g,5.0,http://bakucolle.com/archives/19416410.html
28mm,激ャ,Fear Ripper,Pyrus,400G,28mm,8.5g,8.0,http://bakucolle.com/archives/8179286.html
28mm,激ャ,Fear Ripper,Aquos,350G,28mm,8.5g,5.0,http://bakucolle.com/archives/10877716.html
28mm,若ｃ鴻祉激ャ,Ventus Fear Ripper,Ventus,350G/530G,28mm,8.5g,5.0,http://bakucolle.com/archives/8179366.html
28mm,激ャ,Fear Ripper,Ventus,300G/400G,28mm,8.5g,8.0,http://bakucolle.com/archives/7815099.html
28mm,激ャ,Fear Ripper,Subterra,300G,28mm,8.5g,5.0,http://bakucolle.com/archives/8179443.html
28mm,激ャ,Fear Ripper,Haos,300G/390G/400G/450G,28mm,8.5g,5.0,http://bakucolle.com/archives/7869918.html
28mm,激ャ,Fear Ripper,Haos,510G,28mm,8.5g,7.0,http://bakucolle.com/archives/7870164.html
28mm,若潟祉激ャ,Darkus Fear Ripper,Darkus,270G/300G/450G/510G,28mm,8.5g,5.0,http://bakucolle.com/archives/8178874.html
28mm,激ャ,Fear Ripper,Darkus,390G,28mm,8.5g,7.0,http://bakucolle.com/archives/7860243.html
28mm,帥,Falconeer,Pyrus,330G,28mm,8.5g,4.0,http://bakucolle.com/archives/7774327.html
28mm,眼＜祉帥,Pyrus Falconeer,Pyrus,370G,28mm,8.5g,10.0,http://bakucolle.com/archives/27361498.html
28mm,帥,Falconeer,Aquos,280G,28mm,8.5g,4.0,http://bakucolle.com/archives/7796123.html
28mm,帥,Falconeer,Aquos,300G,28mm,8.5g,4.0,http://bakucolle.com/archives/7796267.html
28mm,帥,Falconeer,Ventus,320G,28mm,8.5g,4.0,http://bakucolle.com/archives/7822341.html
28mm,帥,Falconeer,Subterra,280G/300G,28mm,8.5g,4.0,http://bakucolle.com/archives/7938125.html
28mm,帥,Falconeer,Haos,310G,28mm,8.5g,4.0,http://bakucolle.com/archives/7871864.html
28mm,若潟祉帥,Darkus Falconeer,Darkus,290G/340G,28mm,8.5g,4.0,http://bakucolle.com/archives/8068901.html
28mm,帥,Falconeer,Pyrus,350G/400G,28mm,8.5g,5.0,http://bakucolle.com/archives/8179311.html
28mm,帥,Falconeer,Pyrus,300G,28mm,8.5g,8.0,http://bakucolle.com/archives/7774494.html
28mm,帥,Falconeer,Aquos,250G/300G/350G/450G,28mm,8.5g,5.0,http://bakucolle.com/archives/7796407.html
28mm,≪≪祉帥,Aquos Falconeer,Aquos,Unknown,28mm,g,8.0,http://bakucolle.com/archives/29211786.html
28mm,帥,Falconeer,Ventus,280G/300G/320G/350G,28mm,8.5g,5.0,http://bakucolle.com/archives/7822392.html
28mm,帥,Falconeer,Subterra,Unknown,28mm,8.5g,5.0,http://bakucolle.com/archives/25003335.html
28mm,帥,Falconeer,Haos,450G,28mm,8.5g,5.0,http://bakucolle.com/archives/8179509.html
28mm,祉帥,Haos Falconeer,Haos,Unknown,28mm,g,8.0,http://bakucolle.com/archives/29211775.html
28mm,帥,Falconeer,Darkus,450G,28mm,8.5g,5.0,http://bakucolle.com/archives/8068947.html
28mm,帥,Falconeer,Darkus,450G,28mm,8.5g,8.0,http://bakucolle.com/archives/8178789.html
28mm,泣若潟,Serpenoid,Pyrus,310G,28mm,8.0g,4.0,http://bakucolle.com/archives/7770528.html
28mm,泣若潟,Serpenoid,Pyrus,270G/310G,28mm,8.0g,4.0,http://bakucolle.com/archives/7770645.html
28mm,泣若潟,Serpenoid,Aquos,330G,28mm,8.0g,4.0,http://bakucolle.com/archives/22702996.html
28mm,泣若潟,Serpenoid,Subterra,280G/330G,28mm,8.0g,4.0,http://bakucolle.com/archives/7937828.html
28mm,泣若潟,Serpenoid,Haos,270G,28mm,8.0g,4.0,http://bakucolle.com/archives/7887254.html
28mm,若潟祉泣若潟,Darkus Serpenoid,Darkus,300G/330G,28mm,8.0g,4.0,http://bakucolle.com/archives/7979576.html
28mm,泣若潟,Serpenoid,Pyrus,490G,28mm,8.0g,5.0,http://bakucolle.com/archives/7770711.html
28mm,泣若潟,Serpenoid,Pyrus,470G,28mm,8.0g,7.0,http://bakucolle.com/archives/7770805.html
28mm,泣若潟,Serpenoid,Aquos,450G,28mm,8.0g,5.0,http://bakucolle.com/archives/7793427.html
28mm,泣若潟,Serpenoid,Ventus,400G,28mm,8.0g,5.0,http://bakucolle.com/archives/7821750.html
28mm,泣若潟,Serpenoid,Subterra,300G/500G,28mm,8.0g,5.0,http://bakucolle.com/archives/8179456.html
28mm,泣若潟,Serpenoid,Darkus,350G/400G,28mm,8.0g,5.0,http://bakucolle.com/archives/7979595.html
28mm,潟ｃ,Mantris,Pyrus,420G,28mm,9.0g,8.0,http://bakucolle.com/archives/8179269.html
28mm,潟ｃ,Mantris,Aquos,350G,28mm,9.0g,8.0,http://bakucolle.com/archives/6932549.html
28mm,泣祉潟ｃ,Subterra Mantris,Subterra,530G,28mm,,8.0,http://bakucolle.com/archives/6932335.html
28mm,潟ｃ,Mantris,Darkus,420G,28mm,9.0g,9.0,http://bakucolle.com/archives/7860192.html
28mm,ゃ,Siege,Pyrus,Unknown,28mm,9.0g,8.0,http://bakucolle.com/archives/25343452.html
28mm,ゃ,Siege,Aquos,400G/580G,28mm,9.0g,8.0,http://bakucolle.com/archives/7794731.html
28mm,若ｃ鴻祉ゃ,Ventus Siege,Ventus,830G,28mm,8.0g,4.0,http://bakucolle.com/archives/27419200.html
28mm,若ｃ鴻祉ゃ(),Ventus Siege(Red .ver),Ventus,550G,28mm,8.0g,4.0,http://bakucolle.com/archives/27419208.html
28mm,泣祉ゃ,Subterra Siege,Subterra,550G,28mm,8.0g,4.0,http://bakucolle.com/archives/27068424.html
28mm,祉ゃ,Haos Siege,Haos,830G,28mm,8.0g,4.0,http://bakucolle.com/archives/27561193.html
28mm,若潟祉ゃ,Darkus Siege,Darkus,350G/400G/440G,28mm,9.0g,8.0,http://bakucolle.com/archives/8069055.html
28mm,ゃ,Siege,Clear,550G,28mm,9.5g,9.0,http://bakucolle.com/archives/7887692.html
28mm,若,Terrorclaw,Pyrus,300G,28mm,9.0g,6.0,http://bakucolle.com/archives/7773935.html
28mm,若,Terrorclaw,Aquos,300G/450G,28mm,9.0g,6.0,http://bakucolle.com/archives/7797705.html
28mm,若,Terrorclaw,Clear,450G,28mm,9.0g,9.0,http://bakucolle.com/archives/7887418.html
28mm,泣ゃ,Cycloid,Pyrus,400G,28mm,8.5g,7.0,http://bakucolle.com/archives/7773874.html
28mm,泣ゃ,Cycloid,Ventus,450G/580G,28mm,8.5g,6.0,http://bakucolle.com/archives/7816825.html
28mm,泣ゃ,Cycloid,Ventus,Unknown,28mm,8.5g,7.0,http://bakucolle.com/archives/7862122.html
28mm,泣ゃ,Cycloid,Subterra,570G,28mm,8.5g,7.0,http://bakucolle.com/archives/7894394.html
28mm,泣ゃ,Cycloid,Haos,250G,28mm,8.5g,7.0,http://bakucolle.com/archives/7887274.html
28mm,若潟祉泣ゃ,Darkus Cycloid,Darkus,390G,28mm,9.0g,7.0,http://bakucolle.com/archives/29654197.html
28mm,泣ゃ,Cycloid,Darkus,390G,28mm,8.5g,7.0,http://bakucolle.com/archives/7859861.html
28mm,泣ゃ,Cycloid,Clear,510G,28mm,8.75g,8.0,http://bakucolle.com/archives/6933356.html
28mm,鴻ｃ潟,Manion,Pyrus,500G,28mm,8.0g,7.0,http://bakucolle.com/archives/7768416.html
28mm,鴻ｃ潟,Manion,Ventus,250G/630G,28mm,8.0g,6.0,http://bakucolle.com/archives/7815728.html
28mm,鴻ｃ潟,Manion,Darkus,350G,28mm,8.0g,6.0,http://bakucolle.com/archives/8069274.html
28mm,≪≪祉＜潟,Aquos Tuskor,Aquos,350G,28mm,8.0g,7.0,http://bakucolle.com/archives/19416487.html
28mm,泣祉＜潟,Subterra Tuskor,Subterra,Unknown,28mm,,7.0,http://bakucolle.com/archives/6933129.html
28mm,泣祉＜潟,Subterra Tuskor,Subterra,470G,28mm,8.0g,7.0,http://bakucolle.com/archives/7850530.html
28mm,祉＜潟,Haso Tuskor,Haos,Unknown,28mm,,7.0,http://bakucolle.com/archives/6933060.html
28mm,＜潟,Tuskor,Clear,460G,28mm,8.0g,9.0,http://bakucolle.com/archives/7887463.html
28mm,若眼ゃ,Gargonoid,Aquos,390G,28mm,8.5g,6.0,http://bakucolle.com/archives/7794863.html
28mm,若眼ゃ,Gargonoid,Ventus,570G,28mm,8.5g,6.0,http://bakucolle.com/archives/19416435.html
28mm,若眼ゃ,Gargonoid,Ventus,390G,28mm,8.0g,7.0,http://bakucolle.com/archives/7862095.html
28mm,若眼ゃ(若眼ゃ),Gargonoid,Darkus,480G,28mm,,6.0,http://bakucolle.com/archives/6933443.html
28mm,若眼ゃ,Gargonoid,Clear,520G,28mm,8.5g,9.0,http://bakucolle.com/archives/7887756.html
28mm,吾ｃ,Hynoid,Pyrus,400G/550G,28mm,9.0g,8.0,http://bakucolle.com/archives/7772367.html
28mm,吾ｃ,Hynoid,Haos,450G,28mm,9.0g,7.0,http://bakucolle.com/archives/7875140.html
28mm,吾ｃ,Hynoid,Haos,450G,28mm,8.0g,7.0,http://bakucolle.com/archives/7875183.html
28mm,吾ｃ,Hynoid,Clear,400G,28mm,9.0g,9.0,http://bakucolle.com/archives/26573081.html
28mm,≪≪祉若吟,Aquos Breezak,Clear,810G,32mm,,5.0,http://bakucolle.com/archives/7088036.html
28mm,,眼ゃ (＜若鴻≪),Clear,Unknown,,,,http://bakucolle.com/archives/21772469.html
BakuTech32mm,,-- Flare,Clear,Unknown,,,,http://bakucolle.com/archives/6855344.html
BakuTech32mm,,,Clear,Unknown,,,5.0,http://bakucolle.com/archives/15190330.html
BakuTech32mm,(),,Clear,500G/520G/540G/600G,32mm,21.0g,2.0,http://bakucolle.com/archives/7422969.html
BakuTech32mm,(),鴻激ｃ ＜帥 ver.,Clear,600G,32mm,26.5g,2.0,http://bakucolle.com/archives/7604385.html
BakuTech32mm,(),渇 (＜帥)ver.,Clear,700G,32mm,26.5g,5.0,http://bakucolle.com/archives/15833452.html
BakuTech32mm,(),渇蘊(若)ver.,Clear,700G,32mm,16.0g,4.0,http://bakucolle.com/archives/7604770.html
BakuTech32mm,(),G(眼若),Clear,540G,32mm,21.5g,2.0,http://bakucolle.com/archives/7604010.html
BakuTech32mm,(),S(激),Clear,540G,32mm,21.0g,2.0,http://bakucolle.com/archives/7603967.html
BakuTech32mm,(),BLUE BLAZE ver.,Clear,590G/600G,32mm,16.0g,6.0,http://bakucolle.com/archives/6964645.html
BakuTech32mm,(),活(眼) ver.,Clear,600G,32mm,15.5g,7.0,http://bakucolle.com/archives/7488447.html
BakuTech32mm,鐚鐚,渇荀(若激) ver.,Clear,600G,32mm,15.5g,8.0,http://bakucolle.com/archives/7488554.html
BakuTech32mm,(),＜帥祉眼若 ver.,Clear,540G,32mm,16.5g,10.0,http://bakucolle.com/archives/7488708.html
BakuTech32mm,(),＜帥祉激 ver.,Clear,540G,32mm,16.5g,10.0,http://bakucolle.com/archives/7488741.html
BakuTech32mm,(),＜帥祉 ver.,Clear,540G,32mm,16.5g,10.0,http://bakucolle.com/archives/7488760.html
BakuTech32mm,若 眼若純若,潟潟若若,Clear,Unknown,,,,http://bakucolle.com/archives/7618820.html
BakuTech32mm,(),,Clear,500G/520G/540G/(590G),32mm,21.0g,2.0,http://bakucolle.com/archives/7388408.html
BakuTech32mm,(),,Clear,(500G/520G/540G)/590G,32mm,15.0g,3.0,http://bakucolle.com/archives/7424340.html
BakuTech32mm,(),S(激),Clear,540G,32mm,21.0g,2.0,http://bakucolle.com/archives/7604237.html
BakuTech32mm,(),W(ゃ) -ARMOR(M)ver.,Clear,700G/720G,32mm,15.0g,6.0,http://bakucolle.com/archives/6965543.html
BakuTech32mm,(),ver.,Clear,600G,32mm,14.5g,7.0,http://bakucolle.com/archives/7511588.html
BakuTech32mm,(),≪ ver.,Clear,680G,32mm,15.5g,7.0,http://bakucolle.com/archives/7511549.html
BakuTech32mm,莠鐚鰹,,Clear,510G/520G/560G,32mm,20.5g,2.0,http://bakucolle.com/archives/7498918.html
BakuTech32mm,莠(),C(),Clear,560G,32mm,21.5g,2.0,http://bakucolle.com/archives/7604567.html
BakuTech32mm,莠(),G(眼若),Clear,600G,32mm,21.0g,2.0,http://bakucolle.com/archives/7604049.html
BakuTech32mm,莠(),膣(眼＜ゃ)ver.,Clear,700G,32mm,21.0g,5.0,http://bakucolle.com/archives/6966211.html
BakuTech32mm,膺(眼＜),＜,Clear,510G/520G/560G/590G,32mm,17.5g,2.0,http://bakucolle.com/archives/7618312.html
BakuTech32mm,膺(眼＜),＜S(激),Clear,560G,32mm,17.5g,2.0,http://bakucolle.com/archives/7604271.html
BakuTech32mm,膺(眼＜),＜C(),Clear,560G,32mm,18.0g,2.0,http://bakucolle.com/archives/7604640.html
BakuTech32mm,膺(眼＜),＜ 膺()ver.,Clear,700G,32mm,13.0g,6.0,http://bakucolle.com/archives/6965866.html
BakuTech32mm,紂(違),潟＜,Clear,520G/540G,32mm,26.0g,2.0,http://bakucolle.com/archives/7605751.html
BakuTech32mm,紂(違),潟＜G(眼若),Clear,560G,32mm,26.0g,2.0,http://bakucolle.com/archives/7604094.html
BakuTech32mm,紂(違),潟＜ G(違若)-ARMOR ver.,Clear,520G/540G/550G/600G,32mm,25.5g,4.0,http://bakucolle.com/archives/6966007.html
BakuTech32mm,紂(違),潟＜ W(ゃ)-ARMOR ver.,Clear,700G,32mm,25.5g,5.0,http://bakucolle.com/archives/6965618.html
BakuTech32mm,絽(吾),激眼＜,Clear,580G/590G+(200G),32mm,20.0+(2.0)g,2.0,http://bakucolle.com/archives/7511707.html
BakuTech32mm,絽(吾),激眼＜ 莉腆()ver.,Clear,700G+(220G),32mm,20.0+(2.0)g,6.0,http://bakucolle.com/archives/6965902.html
BakuTech32mm,絽(吾),激眼＜ 泣眼＜眼若 ver.,Clear,590G/600G+(220G),32mm,20.0+(2.0)g,4.0,http://bakucolle.com/archives/7618964.html
BakuTech32mm,(祉潟),≪≪,Clear,(340G/350G/380G)+(200G),32mm,21.0g,2.0,http://bakucolle.com/archives/7488950.html
BakuTech32mm,(祉潟),≪≪C(),Clear,380G+(200G),32mm,21.5g,2.0,http://bakucolle.com/archives/7604729.html
BakuTech32mm,(祉潟),≪≪壕膣() ver.,Clear,420G+(200G),32mm,16.0g,4.0,http://bakucolle.com/archives/7604972.html
BakuTech32mm,(祉潟),≪≪G(眼若),Clear,380G+(200G),32mm,20.5g,10.0,http://bakucolle.com/archives/16657943.html
BakuTech32mm,(祉潟),≪≪S(激),Clear,380G+(200G),32mm,20.5g,10.0,http://bakucolle.com/archives/16658634.html
BakuTech32mm,(祉潟),≪≪ 若＜帥 ver.,Clear,380G+(200G),32mm,20.5g,10.0,http://bakucolle.com/archives/7488895.html
BakuTech32mm,(),激ャ,Clear,540G/580G,32mm,19.5g,2.0,http://bakucolle.com/archives/7501734.html
BakuTech32mm,(),激ャ,Clear,640G/650G,32mm,18.5g,2.0,http://bakucolle.com/archives/7501672.html
BakuTech32mm,(),激ャG(眼若),Clear,580G,32mm,14.5g,5.0,http://bakucolle.com/archives/6966122.html
BakuTech32mm,鐚違鰹,,Clear,580G/590G/600G,32mm,20.0g,2.0,http://bakucolle.com/archives/7489643.html
BakuTech32mm,(違),G(眼若) 鴻激ｃ ＜帥 ver.,Clear,620G,32mm,26.0g,3.0,http://bakucolle.com/archives/7602777.html
BakuTech32mm,(違),括初(ゃ)ver.,Clear,700G,32mm,15.5g,4.0,http://bakucolle.com/archives/7602836.html
BakuTech32mm,(違),BLUE BLAZE ver.,Clear,600G,32mm,15.0g,6.0,http://bakucolle.com/archives/6964805.html
BakuTech32mm,(若),,Clear,580G/590G/600G,32mm,20.0g,2.0,http://bakucolle.com/archives/7489012.html
BakuTech32mm,綏(),帥,Clear,570G/590G,32mm,20.5g,2.0,http://bakucolle.com/archives/7502016.html
BakuTech32mm,綏(),帥 W(ゃ)-ARMORver.,Clear,580G,32mm,13.0g,5.0,http://bakucolle.com/archives/6966772.html
BakuTech32mm,綏(),帥 ≪帥ゃ ver. 9.25,Clear,580G,32mm,16.5g,8.0,http://bakucolle.com/archives/7502144.html
BakuTech32mm,(),≪潟,Clear,540G/590G,32mm,17.5g,2.0,http://bakucolle.com/archives/7607423.html
BakuTech32mm,(潟),ｃ,Clear,580G/590G,32mm,22.5g,2.0,http://bakucolle.com/archives/7606350.html
BakuTech32mm,薨(若),鴻,Clear,580G/590G/600G,32mm,21.5g,2.0,http://bakucolle.com/archives/7607101.html
BakuTech32mm,(ゃ),ゃ違,Clear,570G/580G/590G,32mm,19.0g,2.0,http://bakucolle.com/archives/7606895.html
BakuTech32mm,莊(若),激сゃ,Clear,580G,32mm,15.5g,2.0,http://bakucolle.com/archives/7618290.html
BakuTech32mm,(),,Clear,580G,32mm,15.0g,2.0,http://bakucolle.com/archives/7618169.html
BakuTech32mm,薐(吾),若膺 (眼若ｃ潟) ver.,Clear,610G/620G,32mm,19.0g,2.0,http://bakucolle.com/archives/7487614.html
BakuTech32mm,薐(吾),若莇藥(ゃ若) ver.,Clear,630G,32mm,15.5g,4.0,http://bakucolle.com/archives/7487878.html
BakuTech32mm,薐(吾),若,Clear,640G/660G,32mm,26.0g,2.0,http://bakucolle.com/archives/7487831.html
BakuTech32mm,薐(吾),若B.B. (若潟違鴻帥)ver.,Clear,630G,32mm,15.0g,3.0,http://bakucolle.com/archives/7487678.html
BakuTech32mm,薐(吾),若 BLUE BLAZE ver.,Clear,620G/630G,32mm,15.0g,6.0,http://bakucolle.com/archives/6965297.html
BakuTech32mm,薐(吾),若 GREEN BLAZE ver.,Clear,720G,32mm,15.0g,6.0,http://bakucolle.com/archives/6965328.html
BakuTech32mm,薐(吾),若,Clear,600G/610G/620G,32mm,19.0g,3.0,http://bakucolle.com/archives/7487651.html
BakuTech32mm,(с),,Clear,580G/590G/600G,32mm,17.5g,2.0,http://bakucolle.com/archives/7498273.html
BakuTech32mm,(с),莇(潟＜) ver.,Clear,610G,32mm,17.0g,4.0,http://bakucolle.com/archives/7498230.html
BakuTech32mm,(≪),蚊吟若,Clear,580G/590G/600G,32mm,15.5g,2.0,http://bakucolle.com/archives/7607195.html
BakuTech32mm,(≪),蚊吟若,Clear,580G/590G/600G,32mm,19.5g,2.0,http://bakucolle.com/archives/7607323.html
BakuTech32mm,(≪),蚊吟若 莉腆() ver.,Clear,700G,32mm,15.5g,6.0,http://bakucolle.com/archives/6965011.html
BakuTech32mm,(≪),蚊吟若G(眼若),Clear,600G/620G,32mm,15.5g,5.0,http://bakucolle.com/archives/6964924.html
BakuTech32mm,(≪),蚊吟若W(ゃ) -ARMOR(H) ver.,Clear,720G,32mm,15.5g,6.0,http://bakucolle.com/archives/6965062.html
BakuTech32mm,(≪),蚊吟若 ＜ゃゃ若 ver.,Clear,600G,32mm,15.5g,9.0,http://bakucolle.com/archives/7618419.html
BakuTech32mm,(若),泣,Clear,580G/590G/600G,32mm,15.5g,2.0,http://bakucolle.com/archives/7607518.html
BakuTech32mm,(若),泣,Clear,580G/590G/600G,32mm,18.5g,2.0,http://bakucolle.com/archives/7607581.html
BakuTech32mm,(若),泣 R()-ARMOR ver.,Clear,600G,32mm,15.5g,5.0,http://bakucolle.com/archives/6965149.html
BakuTech32mm,紊(ゃ),,Clear,640G/650G,32mm,18.5g,2.0,http://bakucolle.com/archives/7603211.html
BakuTech32mm,紊(ゃ),,Clear,640G/650G,32mm,19.0g,2.0,http://bakucolle.com/archives/7488012.html
BakuTech32mm,紊(ゃ),B.B. (若ゃ)ver.,Clear,660G,32mm,19.0g,3.0,http://bakucolle.com/archives/7498326.html
BakuTech32mm,紊(ゃ),初(ゃ) ver.,Clear,660G,32mm,19.5g,3.0,http://bakucolle.com/archives/7603171.html
BakuTech32mm,紊(ゃ),活気蘊()ver.,Clear,700G,32mm,19.0g,4.0,http://bakucolle.com/archives/7604824.html
BakuTech32mm,紊(ゃ),活(眼若) ver.,Clear,660G,32mm,19.0g,4.0,http://bakucolle.com/archives/7603037.html
BakuTech32mm,紊(ゃ),帥ゃ,Clear,620G,32mm,19.0g,4.0,http://bakucolle.com/archives/7602997.html
BakuTech32mm,綛(),,Clear,640G/650G,32mm,20.5g,2.0,http://bakucolle.com/archives/7605185.html
BakuTech32mm,綛(),,Clear,640G/650G,32mm,20.5g,2.0,http://bakucolle.com/archives/7488190.html
BakuTech32mm,綛(),壕(若) ver.,Clear,650G,32mm,15.5g,4.0,http://bakucolle.com/archives/7604915.html
BakuTech32mm,綛(),帥ゃ,Clear,620G,32mm,20.5g,4.0,http://bakucolle.com/archives/7605235.html
BakuTech32mm,綛(),ver.,Clear,640G,32mm,21.0g,10.0,http://bakucolle.com/archives/7489145.html
BakuTech32mm,膺(),＜,Clear,600G/620G/(180G),32mm,18.0g,2.0,http://bakucolle.com/archives/7511113.html
BakuTech32mm,膺(),＜ 演灰() ver.,Clear,690G(170G)/700G(160G),32mm,17.5g,2.0,http://bakucolle.com/archives/7606308.html
BakuTech32mm,茘(激),,Clear,650G,32mm,22.5g,2.0,http://bakucolle.com/archives/8911753.html
BakuTech32mm,茘(激),,Clear,640G,32mm,22.5g,2.0,http://bakucolle.com/archives/7501148.html
BakuTech32mm,(),違,Clear,620G/650G,32mm,14.5g,2.0,http://bakucolle.com/archives/7606015.html
BakuTech32mm,(),違,Clear,620G/650G,32mm,18.5g,2.0,http://bakucolle.com/archives/7489268.html
BakuTech32mm,腦(),蚊,Clear,640G/650G,32mm,17.5g,2.0,http://bakucolle.com/archives/7606101.html
BakuTech32mm,腦(),蚊 掩()ver.,Clear,700G,32mm,15.5g,6.0,http://bakucolle.com/archives/6965772.html
BakuTech32mm,(),,Clear,640G/650G,32mm,19.0g,2.0,http://bakucolle.com/archives/7511250.html
BakuTech32mm,(),羲腴() ver.,Clear,690G/700G,32mm,24.0g,2.0,http://bakucolle.com/archives/7511299.html
BakuTech32mm,(ゃ),,Clear,200G/600G/620G/,32mm,14.0g,2.0,http://bakucolle.com/archives/7488343.html
BakuTech32mm,荀(激),帥眼＜,Clear,660G,32mm,29.0g,2.0,http://bakucolle.com/archives/7599326.html
BakuTech32mm,荀(激),帥眼＜ (違) ver.,Clear,700G,32mm,15.5g,7.0,http://bakucolle.com/archives/7619152.html
BakuTech32mm,荀(激),帥眼＜ 若 ver.,Clear,680G,32mm,16.0g,9.0,http://bakucolle.com/archives/10901020.html
BakuTech32mm,莟(吟),吾ｃ若,Clear,590G,32mm,15.0g,2.0,http://bakucolle.com/archives/7606725.html
BakuTech32mm,莟(吟),吾ｃ若,Clear,640G/650G,32mm,20.5g,3.0,http://bakucolle.com/archives/7489418.html
BakuTech32mm,薇(),眼,Clear,590G,32mm,14.5g,2.0,http://bakucolle.com/archives/7606657.html
BakuTech32mm,薇(),眼,Clear,640G,32mm,17.5g,3.0,http://bakucolle.com/archives/7490062.html
BakuTech32mm,隋(潟),帥潟＜,Clear,620G,32mm,14.5g,2.0,http://bakucolle.com/archives/7501966.html
BakuTech32mm,(宴),潟＜,Clear,620G,32mm,15.0g,2.0,http://bakucolle.com/archives/7501862.html
BakuTech32mm,荵(違若),ゃ,Clear,630G,32mm,15.0g,2.0,http://bakucolle.com/archives/7605931.html
BakuTech32mm,(激),鴻,Clear,620G,32mm,14.5g,2.0,http://bakucolle.com/archives/7606161.html
BakuTech32mm,(激),鴻S(激),Clear,700G,32mm,15.0g,6.0,http://bakucolle.com/archives/6965388.html
BakuTech32mm,(≪),吾若,Clear,Unknown,32mm,13.5g,2.0,http://bakucolle.com/archives/7498834.html
BakuTech32mm,(ｃ),,Clear,640G,32mm,22.0g,2.0,http://bakucolle.com/archives/7607471.html
BakuTech32mm,(ｃ),,Clear,700G,32mm,17.5g,10.0,http://bakucolle.com/archives/17382628.html
BakuTech32mm,(),,Clear,620G,32mm,15.0g,2.0,http://bakucolle.com/archives/7501388.html
BakuTech32mm,(),若,Clear,590G,32mm,13.5g,2.0,http://bakucolle.com/archives/7497979.html
BakuTech32mm,(),若  ver.,Clear,600G,32mm,13.5g,8.0,http://bakucolle.com/archives/11962699.html
BakuTech32mm,(),,Clear,590G,32mm,12.0g,2.0,http://bakucolle.com/archives/7498023.html
BakuTech32mm,(),ver.,Clear,600G,32mm,12.0g,8.0,http://bakucolle.com/archives/11962631.html
BakuTech32mm,羹(ゃ),吾с,Clear,620G,32mm,14.0g,2.0,http://bakucolle.com/archives/7488113.html
BakuTech32mm,羹(ゃ),吾с 羞掩()ver.,Clear,700G,32mm,13.0g,7.0,http://bakucolle.com/archives/6966681.html
BakuTech32mm,(違),若,Clear,620G,32mm,14.5g,2.0,http://bakucolle.com/archives/7603883.html
BakuTech32mm,綵(激ｃ),,Clear,590G,32mm,13.5g,2.0,http://bakucolle.com/archives/7605106.html
BakuTech32mm,絎(),,Clear,590G,32mm,14.0g,2.0,http://bakucolle.com/archives/7501481.html
BakuTech32mm,(),吾潟ャ,Clear,660G,32mm,15.0g,2.0,http://bakucolle.com/archives/7498582.html
BakuTech32mm,(),吾潟ャB.B. (鴻帥) ver.,Clear,640G,32mm,18.5g,3.0,http://bakucolle.com/archives/7498465.html
BakuTech32mm,(),吾潟ャ,Clear,600G,32mm,15.0g,4.0,http://bakucolle.com/archives/7498563.html
BakuTech32mm,(),,Clear,620G,32mm,14.5g,2.0,http://bakucolle.com/archives/7498696.html
BakuTech32mm,(),違ゃ,Clear,620G,32mm,14.0g,2.0,http://bakucolle.com/archives/7606822.html
BakuTech32mm,(),,Clear,620G,32mm,15.0g,2.0,http://bakucolle.com/archives/7606948.html
BakuTech32mm,(),,Clear,620G,32mm,13.5g,2.0,http://bakucolle.com/archives/7490020.html
BakuTech32mm,腟(若),帥眼＜,Clear,640G,32mm,13.5g,5.0,http://bakucolle.com/archives/11953830.html
BakuTech32mm,＜ゃ∝輝(若),帥眼＜,Clear,640G,32mm,14.0g,7.0,http://bakucolle.com/archives/11953857.html
BakuTech32mm,≪∝輝(若),帥眼＜,Clear,640G,32mm,14.0g,7.0,http://bakucolle.com/archives/11954046.html
BakuTech32mm,ｃ潟腟(若),帥眼＜,Clear,660G,32mm,14.0g,7.0,http://bakucolle.com/archives/11954096.html
BakuTech32mm,ゃ∝輝(若),帥眼＜,Clear,640G,32mm,14.0g,8.0,http://bakucolle.com/archives/11954161.html
BakuTech32mm,ゃ腟(若),帥眼＜,Clear,660G,32mm,14.0g,7.0,http://bakucolle.com/archives/11954184.html
BakuTech32mm,若腟(若),帥眼＜,Clear,660G,32mm,14.0g,7.0,http://bakucolle.com/archives/11954201.html
BakuTech32mm,腟(若),帥眼＜ (ゃ潟) ver.,Clear,700G,32mm,14.5g,7.0,http://bakucolle.com/archives/7619294.html
BakuTech32mm,腟(若),帥眼＜ ＜帥 ver.,Clear,640G,32mm,28.5g,7.0,http://bakucolle.com/archives/11954305.html
BakuTech32mm,帥祉眼ゃ,Delta Dragonoid,Pyrus,460G/500G,32mm,15.5g,3.0,http://bakucolle.com/archives/6749530.html
BakuTech32mm,ゃ潟ｃｃ祉眼ゃ,Infinity Dragonoid,Darkus,500G,32mm,17.0g,3.0,http://bakucolle.com/archives/7388344.html
BakuTech32mm,≪＜若祉ャ,Alpha Hydranoid,Subterra,460G/480G,32mm,17.5g,3.0,http://bakucolle.com/archives/7387758.html
BakuTech32mm,眼＜潟,Vandarus,Aquos,480G,32mm,16.0g,3.0,http://bakucolle.com/archives/7388764.html
BakuTech32mm,,Preyas,Aquos,460G-360G/480G-280G,32mm,13.0g,3.0,http://bakucolle.com/archives/7390447.html
BakuTech32mm,鴻ｃ祉ゃ鴻鴻,Mystic Elico,Aquos,Unknown,32mm,12.0+1.0g,3.0,http://bakucolle.com/archives/7387492.html
BakuTech32mm,若祉若,Orbit Helios,Ventus,520G,32mm,14.5g,3.0,http://bakucolle.com/archives/7387251.html
BakuTech32mm,＜眼ゃ,Delta Dragonoid,Clear,560G,28mm,12.0g,8.0,http://bakucolle.com/archives/6817141.html
BakuTech32mm,激ャ,Fear Ripper,Clear,Unknown,,,,http://bakucolle.com/archives/6921587.html
Traps,,ゃ祉ゃ激,Clear,Unknown,,,,http://bakucolle.com/archives/7411168.html
Traps,ゃ祉ゃ激,Tripod Theta,Aquos,Unknown,,13.5g,2.0,http://bakucolle.com/archives/7427109.html
Traps,ゃ祉ゃ激,Tripod Theta,Pyrus,Unknown,,13.0g,4.0,http://bakucolle.com/archives/8731733.html
Traps,若潟祉ゃ祉ゃ激,Darkus Tripod Theta,Darkus,Unknown,,23.0g,8.0,http://bakucolle.com/archives/8754630.html
Traps,ゃ祉ゃ激 MK,Tripod Theta MK,Pyrus,Unknown,,14.0g,7.0,http://bakucolle.com/archives/7427260.html
Traps,眼＜祉ゃ祉激若,Tripod Epsilon,Pyrus,Unknown,,10.0g,2.0,http://bakucolle.com/archives/7424823.html
Traps,ゃ祉激若,Tripod Epsilon,Aquos,Unknown,,10.0g,2.0,http://bakucolle.com/archives/7426585.html
Traps,ゃ祉激若,Tripod Epsiron,Aquos,Unknown,,10.0g,4.0,http://bakucolle.com/archives/8748356.html
Traps,ゃ祉激若,Tripod Epsiron,Ventus,Unknown,,10.0g,4.0,http://bakucolle.com/archives/8750873.html
Traps,祉ゃ祉激若,Haos Tripod Epsiron,Haos,Unknown,,10.0g,4.0,http://bakucolle.com/archives/29687434.html
Traps,ゃ祉激若,Tripod Epsiron,Darkus,Unknown,,g,4.0,http://bakucolle.com/archives/7620601.html
Traps,眼＜祉ゃ≪祉鴻ｃ潟,Pyrus Triad Sphinx,Pyrus,Unknown,,12.0g,4.0,http://bakucolle.com/archives/8731808.html
Traps,ゃ≪祉鴻ｃ潟,Triad Sphinx,Aquos,Unknown,,12.0g,5.0,http://bakucolle.com/archives/8747788.html
Traps,ゃ≪祉鴻ｃ潟,Triad Sphinx,Subterra,Unknown,,12.0g,5.0,http://bakucolle.com/archives/8732148.html
Traps,若潟祉ゃ≪祉鴻ｃ潟,Darkus Triad Sphinx,Darkus,Unknown,,12.0g,5.0,http://bakucolle.com/archives/29687492.html
Traps,祉ゃ祉潟潟,Haos Triad El Condor,Haos,Unknown,,14.5g,2.0,http://bakucolle.com/archives/8689870.html
Traps,ゃ 祉潟潟,Triad El Condor,Ventus,Unknown,,12.0g,4.0,http://bakucolle.com/archives/8750906.html
Traps,ゃ 祉潟潟,Triad El Condor,Subterra,Unknown,,12.0g,4.0,http://bakucolle.com/archives/8731943.html
Traps,祉ゃ祉潟潟,Haos Triad El Condor,Haos,Unknown,,12.0g,4.0,http://bakucolle.com/archives/8691019.html
Traps,鴻潟,Scorpion,Pyrus,Unknown,,12.0g,2.0,http://bakucolle.com/archives/7427489.html
Traps,若ｃ鴻祉鴻潟,Ventus Scorpion,Ventus,Unknown,,12.0g,2.0,http://bakucolle.com/archives/8728337.html
Traps,≪≪祉鴻潟,Aquos Scorpion,Aquos,Unknown,,11.5g,4.0,http://bakucolle.com/archives/29687650.html
Traps,祉鴻潟,Haos Scorpion,Haos,Unknown,,12.0g,4.0,http://bakucolle.com/archives/8690505.html
Traps,鴻潟,Scorpion,Darkus,Unknown,,12.5g,4.0,http://bakucolle.com/archives/7620452.html
Traps,眼＜祉＜ゃゃ若祉鴻潟,Pyrus Fire Scorpion,Pyrus,Unknown,,16.5g,8.0,http://bakucolle.com/archives/28479892.html
Traps,＜ゃゃ若祉鴻潟,Fire Scorpion,Ventus,Unknown,,16.5g,8.0,http://bakucolle.com/archives/8755609.html
Traps,若潟祉吾ゃ,Legionoid,Darkus,Unknown,,21.5g,2.0,http://bakucolle.com/archives/7426763.html
Traps,吾ゃ,Legionoid,Aquos,Unknown,,21.5g,5.0,http://bakucolle.com/archives/8747678.html
Traps,若ｃ鴻祉吾ゃ,Ventus Legionoid,Ventus,Unknown,,21.5g,6.0,http://bakucolle.com/archives/29683203.html
Traps,祉吾ゃ,Haos Legionoid,Haos,Unknown,,21.5g,5.0,http://bakucolle.com/archives/29683162.html
Traps,,Hexados,Subterra,Unknown,,21.0g,2.0,http://bakucolle.com/archives/7426813.html
Traps,,Hexados,Haos,Unknown,,21.0g,4.0,http://bakucolle.com/archives/8690380.html
Traps,眼＜祉鴻激,Hylash,Pyrus,Unknown,,20.5g,2.0,http://bakucolle.com/archives/7426160.html
Traps,鴻激,Hylash,Ventus,Unknown,,20.0g,2.0,http://bakucolle.com/archives/7426300.html
Traps,≪≪祉鴻激,Aquos Hylash,Aquos,Unknown,,20.5g,5.0,http://bakucolle.com/archives/8747574.html
Traps,若ｃ鴻祉鴻激,Ventus Hylash,Ventus,Unknown,,20.5g,5.0,http://bakucolle.com/archives/29683343.html
Traps,鴻激,Hylash,Subterra,Unknown,,23.5g,8.0,http://bakucolle.com/archives/8755084.html
Traps,鴻激,Hylash,Haos,Unknown,,20.5g,4.0,http://bakucolle.com/archives/8690814.html
Traps,若潟祉鴻激,Darkus Hylash,Darkus,Unknown,,20.5g,5.0,http://bakucolle.com/archives/29683319.html
Traps,ゃ,Baliton,Subterra,Unknown,,11.5g,2.0,http://bakucolle.com/archives/7427020.html
Traps,ゃ,Baliton,Aquos,Unknown,,11.5g,4.0,http://bakucolle.com/archives/8748765.html
Traps,ゃ,Baliton,Ventus,Unknown,,11.5g,4.0,http://bakucolle.com/archives/8751141.html
Traps,泣祉ゃ,Subterra Baliton,Subterra,Unknown,,11.5g,4.0,http://bakucolle.com/archives/8731978.html
Traps,若潟祉ゃ,Darkus Baliton,Darkus,Unknown,,11.5g,4.0,http://bakucolle.com/archives/29687528.html
Traps,若,Hexstar,Pyrus,Unknown,,14.5g,2.0,http://bakucolle.com/archives/7426970.html
Traps,若,Hexstar,Haos,Unknown,,14.5g,2.0,http://bakucolle.com/archives/8689764.html
Traps,≪≪祉若,Aquos Hexstar,Aquos,Unknown,,15.0g,5.0,http://bakucolle.com/archives/27844159.html
Traps,若ｃ鴻祉若,Ventus Hexstar,Ventus,Unknown,,15.0g,5.0,http://bakucolle.com/archives/29687339.html
Traps,若,Hexstar,Ventus,Unknown,,21.0g,8.0,http://bakucolle.com/archives/8754892.html
Traps,＜潟潟,Falcon Fly,Darkus,Unknown,,18.5g,2.0,http://bakucolle.com/archives/7426640.html
Traps,＜潟潟,Falcon Fly,Pyrus,Unknown,,18.5g,6.0,http://bakucolle.com/archives/25036222.html
Traps,＜潟潟,Falcon Fly,Aquos,Unknown,,18.5g,6.0,http://bakucolle.com/archives/8748059.html
Traps,＜潟潟,Falcon Fly,Ventus,Unknown,,18.5g,5.0,http://bakucolle.com/archives/8751028.html
Traps,＜潟潟,Falcon Fly,Darkus,Unknown,,30.0g,8.0,http://bakucolle.com/archives/25025875.html
Traps,若ｃ≪,Piercian,Haos,Unknown,,14.5g,2.0,http://bakucolle.com/archives/7427659.html
Traps,若ｃ≪,Piercian,Pyrus,Unknown,,14.0g,4.0,http://bakucolle.com/archives/10884739.html
Traps,若ｃ鴻祉若ｃ≪,Ventus Piercian,Ventus,Unknown,,14.5g,4.0,http://bakucolle.com/archives/29683281.html
Traps,若ｃ≪,Piercian,Subterra,Unknown,,14.0g,4.0,http://bakucolle.com/archives/8732113.html
Traps,若潟祉若ｃ≪,Darkus Piercian,Darkus,Unknown,,14.5g,6.0,http://bakucolle.com/archives/29683254.html
Traps,若ｃ≪,Piercian,Darkus,Unknown,,22.0g,8.0,http://bakucolle.com/archives/8754750.html
Traps,若潟鴻ゃ,Dynamo,Haos,Unknown,,17.5g,2.0,http://bakucolle.com/archives/7427525.html
Traps,眼＜祉若潟鴻ゃ,Pyrus Dynamo,Pyrus,Unknown,,17.0g,5.0,http://bakucolle.com/archives/29687878.html
Traps,≪≪祉若潟鴻ゃ,Aquos Dynamo,Aquos,Unknown,,17.0g,4.0,http://bakucolle.com/archives/29687724.html
Traps,若潟鴻ゃ,Dynamo,Ventus,Unknown,,17.5g,4.0,http://bakucolle.com/archives/8751188.html
Traps,若潟鴻ゃ,Dynamo,Subterra,Unknown,,17.5g,4.0,http://bakucolle.com/archives/8731899.html
Traps,祉若潟鴻ゃ,Haos Dynamo,Haos,Unknown,,17.5g,4.0,http://bakucolle.com/archives/8690943.html
Traps,＜帥с潟泣,Metalfencer,Pyrus,Unknown,,14.5g,2.0,http://bakucolle.com/archives/8725353.html
Traps,泣祉＜帥с潟泣,Metalfencer,Subterra,Unknown,,14.5g,2.0,http://bakucolle.com/archives/7427070.html
Traps,若潟祉＜帥с潟泣,Darkus Metalfencer,Darkus,Unknown,,14.5g,2.0,http://bakucolle.com/archives/8728275.html
Traps,眼＜祉＜帥с潟泣,Pyrus Metalfencer,Pyrus,Unknown,,14.5g,4.0,http://bakucolle.com/archives/8731662.html
Traps,＜帥с潟泣,Metalfencer,Darkus,Unknown,,14.0g,4.0,http://bakucolle.com/archives/10884809.html
Traps,眼＜祉若,Fortress,Pyrus,Unknown,,12.5g,2.0,http://bakucolle.com/archives/7426538.html
Traps,若,Fortress,Darkus,Unknown,,12.0g,2.0,http://bakucolle.com/archives/7426559.html
Traps,若,Fortress,Aquos,Unknown,,12.5g,4.0,http://bakucolle.com/archives/8747727.html
Traps,若ｃ鴻若,Ventus Fortress,Ventus,Unknown,,12.5g,5.0,http://bakucolle.com/archives/29687389.html
Traps,若,Fortress,Haos,Unknown,,12.5g,4.0,http://bakucolle.com/archives/8690567.html
Traps,若,Fortress,Darkus,Unknown,,12.5g,4.0,http://bakucolle.com/archives/8731457.html
Traps,若,Fortress,Darkus,Unknown,,17.0g,8.0,http://bakucolle.com/archives/8754972.html
Traps,障≪,Zoack,Ventus,Unknown,,11.5g,2.0,http://bakucolle.com/archives/8728637.html
Traps,泣祉障≪,Subterra Zoack,Subterra,Unknown,,11.5g,2.0,http://bakucolle.com/archives/8911603.html
Traps,眼＜祉障≪,Pyrus Zoack,Pyrus,Unknown,,11.5g,4.0,http://bakucolle.com/archives/28479835.html
Traps,障≪,Zoack,Aquos,Unknown,,11.5g,4.0,http://bakucolle.com/archives/8748721.html
Traps,障≪,Zoack,Ventus,Unknown,,11.5g,4.0,http://bakucolle.com/archives/8751070.html
Traps,祉障≪,Haos Zoack,Haos,Unknown,,11.5g,4.0,http://bakucolle.com/archives/29687552.html
Traps,障≪,Zoack,Darkus,Unknown,,11.5g,4.0,http://bakucolle.com/archives/8731600.html
Traps,眼＜祉若若,Pyrus Carlsnaut,Pyrus,Unknown,,15.0g,2.0,http://bakucolle.com/archives/8725515.html
Traps,若若,Carlsnaut,Pyrus,Unknown,,14.5g,4.0,http://bakucolle.com/archives/8731868.html
Traps,若若,Carlsnaut,Aquos,Unknown,,14.5g,4.0,http://bakucolle.com/archives/8747868.html
Traps,若ｃ鴻祉若若,Ventus Carlsnaut,Ventus,Unknown,,14.5g,4.0,http://bakucolle.com/archives/29687410.html
Traps,若若,Carlsnaut,Haos,Unknown,,15.0g,4.0,http://bakucolle.com/archives/8690923.html
Traps,＜泣潟ｃ,Pythantus,Pyrus,Unknown,,g,5.0,http://bakucolle.com/archives/7620684.html
Traps,＜泣潟ｃ,Pythantus,Aquos,Unknown,,15.5g,5.0,http://bakucolle.com/archives/8748787.html
Traps,,Pythantus,Ventus,Unknown,,g,5.0,http://bakucolle.com/archives/7620726.html
Traps,＜泣潟ｃ,Pythantus,Subterra,Unknown,,15.0g,5.0,http://bakucolle.com/archives/8732049.html
Traps,＜泣潟ｃ,Pythantus,Haos,Unknown,,15.5g,5.0,http://bakucolle.com/archives/7620701.html
Traps,＜泣潟ｃ,Pythantus,Darkus,Unknown,,15.5g,5.0,http://bakucolle.com/archives/25025912.html
Traps,с潟泣3,Spyderfencer,Pyrus,Unknown,,16.5g,2.0,http://bakucolle.com/archives/12238857.html
Traps,с潟泣3,Spyderfencer,Pyrus,Unknown,,16.5g,3.0,http://bakucolle.com/archives/12238204.html
Traps,違ｃ≪,Grafias,Aquos,Unknown,,16.0g,2.0,http://bakucolle.com/archives/12239220.html
Traps,違ｃ≪,Grafias,Aquos,Unknown,,16.0g,3.0,http://bakucolle.com/archives/12238336.html
Traps,鴻帥若,Spitarm,Ventus,Unknown,,16.5g,2.0,http://bakucolle.com/archives/12238828.html
Traps,鴻帥若,Spitarm,Ventus,Unknown,,16.5g,3.0,http://bakucolle.com/archives/12238163.html
Traps,ゃ≪祉潟,Grakas Hound,Subterra,Unknown,,20.0g,2.0,http://bakucolle.com/archives/12238911.html
Traps,ゃ≪祉潟,Grakas Hound,Subterra,Unknown,,20.0g,3.0,http://bakucolle.com/archives/12238286.html
Traps,,Brachium,Haos,Unknown,,16.0g,2.0,http://bakucolle.com/archives/12239274.html
Traps,,Brachium,Haos,Unknown,,16.0g,3.0,http://bakucolle.com/archives/12238375.html
Traps,若祉潟,Dark Hound,Darkus,Unknown,,19.5g,2.0,http://bakucolle.com/archives/12238939.html
Traps,若祉潟,Dark Hound,Darkus,Unknown,,19.5g,3.0,http://bakucolle.com/archives/12238307.html
Traps,,眼ゃ,Clear,Unknown,,,,http://bakucolle.com/archives/7391685.html
Traps,(),,Clear,500G/520G/540G/600G,32mm,21.0g,2.0,http://bakucolle.com/archives/7422969.html
NewVestroia,,眼ゃ,Clear,Unknown,,,,http://bakucolle.com/archives/7391685.html
NewVestroia,眼＜祉眼ゃ,Pyrus Neo Dragonoid,Pyrus,400G/420G/440G,32mm,13.5g,2.0,http://bakucolle.com/archives/11345823.html
NewVestroia,眼ゃ,Neo Dragonoid,Pyrus,460G,32mm,14.0g,4.0,http://bakucolle.com/archives/11345210.html
NewVestroia,眼ゃ,Neo Dragonoid,Pyrus,500G,32mm,12.5g,2.0,http://bakucolle.com/archives/12238784.html
NewVestroia,眼＜HEX 眼ゃ,Pyrus HEX Neo Dragonoid,Pyrus,440G/490G/500G,32mm,13.5g,7.0,http://bakucolle.com/archives/11346412.html
NewVestroia,≪≪祉眼ゃ,Aquos Neo Dragonoid,Aquos,520G,32mm,13.5g,3.0,http://bakucolle.com/archives/20249376.html
NewVestroia,若ｃ鴻祉眼ゃ,Ventus Neo Dragonoid,Ventus,520G/540G,32mm,13.5g,3.0,http://bakucolle.com/archives/13000936.html
NewVestroia,祉眼ゃ,Neo Dragonoid,Haos,540G,32mm,13.5g,3.0,http://bakucolle.com/archives/15166134.html
NewVestroia,若潟祉眼ゃ,Darkus Neo Dragonoid,Darkus,420G/440G/500G/540G,32mm,14.0g,3.0,http://bakucolle.com/archives/12984914.html
NewVestroia,眼ゃ,Neo Dragonoid,Pyrus,460G/550G/640G/670G,32mm,13.5g,3.0,http://bakucolle.com/archives/11346004.html
NewVestroia,眼ゃ,Neo Dragonoid,Pyrus,575G,32mm,14.0g,6.0,http://bakucolle.com/archives/11345334.html
NewVestroia,眼＜祉眼ゃ,Pyrus Neo Dragonoid,Pyrus,480G/610G/680G,32mm,14.0g,6.0,http://bakucolle.com/archives/11345267.html
NewVestroia,眼ゃ,Neo Dragonoid,Pyrus,590G,32mm,14.0g,7.0,http://bakucolle.com/archives/11345435.html
NewVestroia,眼ゃ,Neo Dragonoid,Pyrus,640G,32mm,14.0g,6.0,http://bakucolle.com/archives/11345453.html
NewVestroia,眼＜祉眼ゃ,Pyrus Neo Dragonoid,Pyrus,650G,32mm,13.5g,7.0,http://bakucolle.com/archives/29333714.html
NewVestroia,眼ゃ,Neo Dragonoid,Pyrus,740G,32mm,14.0g,6.0,http://bakucolle.com/archives/11345106.html
NewVestroia,眼ゃ,Neo Dragonoid,Pyrus,650G,32mm,13.0g,3.0,http://bakucolle.com/archives/12238044.html
NewVestroia,眼ゃ(＜若鴻≪),Dragonoid,Pyrus,Unknown,,,,http://bakucolle.com/archives/7037190.html
NewVestroia,眼ゃ,Neo Dragonoid,Pyrus,Unknown,32mm,13.5g,9.0,http://bakucolle.com/archives/25085139.html
NewVestroia,≪≪祉眼ゃ,Aquos Neo Dragonoid,Aquos,410G/490G/540G/620G,32mm,13.5g,4.0,http://bakucolle.com/archives/20336404.html
NewVestroia,≪≪祉眼ゃ,Aquos Neo Dragonoid,Aquos,620G,32mm,14.5g,8.0,http://bakucolle.com/archives/29333674.html
NewVestroia,≪≪祉眼ゃ,Neo Dragonoid,Aquos,620G,32mm,13.5g,5.0,http://bakucolle.com/archives/20336468.html
NewVestroia,≪≪祉眼ゃ,Neo Dragonoid,Aquos,750G,32mm,14.0g,6.0,http://bakucolle.com/archives/20336441.html
NewVestroia,若ｃ鴻祉眼ゃ,Neo Dragonoid,Ventus,710G/730G,32mm,13.5g,5.0,http://bakucolle.com/archives/25103811.html
NewVestroia,泣祉眼ゃ,Subterra Neo Dragonoid,Subterra,500G/590G,32mm,14.0g,5.0,http://bakucolle.com/archives/25178032.html
NewVestroia,泣祉眼ゃ,Neo Dragonoid,Subterra,750G,32mm,14.0g,6.0,http://bakucolle.com/archives/25178056.html
NewVestroia,祉眼ゃ,Neo Dragonoid,Haos,550G/660G,32mm,13.5g,4.0,http://bakucolle.com/archives/15166163.html
NewVestroia,祉眼ゃ,Haos Neo Dragonoid,Haos,600G,32mm,14.0g,8.0,http://bakucolle.com/archives/29333651.html
NewVestroia,眼ゃ,Neo Dragonoid,Darkus,480G/490G/520G/570G,32mm,14.0g,3.0,http://bakucolle.com/archives/12985156.html
NewVestroia,若潟祉眼ゃ,Darkus Neo Dragonoid,Darkus,510G/600G,32mm,14.0g,8.0,http://bakucolle.com/archives/12984676.html
NewVestroia,眼ゃ,Neo Dragonoid,Darkus,Unknown,32mm,14.0g,7.0,http://bakucolle.com/archives/12985380.html
NewVestroia,眼ゃ,Neo Dragonoid,Darkus,700G,32mm,14.0g,6.0,http://bakucolle.com/archives/12984693.html
NewVestroia,眼ゃ,Neo Dragonoid,Clear,650G/680G,32mm,14.0g,7.0,http://bakucolle.com/archives/15169479.html
NewVestroia,眼＜祉眼ゃ祉眼,Pyrus Neo Dragonoid Voltex,Pyrus,420G/440G/460G,32mm,14.0g,3.0,http://bakucolle.com/archives/11346117.html
NewVestroia,眼ゃ 祉眼,Neo Dragonoid Voltex,Pyrus,460G/650G760G,32mm,14.0g,5.0,http://bakucolle.com/archives/11346184.html
NewVestroia,祉眼ゃ 祉眼,Haos Neo Dragonoid Voltex,Haos,660G,32mm,14.0g,6.0,http://bakucolle.com/archives/15166188.html
NewVestroia,鴻 祉眼ゃ,Spin Dragonoid,Pyrus,670G,32mm,14.0g,6.0,http://bakucolle.com/archives/11349990.html
NewVestroia,≪≪祉鴻潟祉眼ゃ,Aquos Spin Dragonoid,Aquos,Unknown,32mm,13.5g,6.0,http://bakucolle.com/archives/25713607.html
NewVestroia,泣祉鴻潟祉眼ゃ,Spin Dragonoid,Subterra,640G,32mm,14.0g,6.0,http://bakucolle.com/archives/25177950.html
NewVestroia,若潟祉鴻潟祉眼ゃ,Darkus Spin Dragonoid,Darkus,620G,32mm,14.0g,7.0,http://bakucolle.com/archives/29653377.html
NewVestroia,帥若潟祉眼ゃ,Turbine Dragonoid,Pyrus,710G,32mm,18.0g,8.0,http://bakucolle.com/archives/12899951.html
NewVestroia,≪≪祉帥若潟祉眼ゃ,Turbine Dragonoid,Aquos,690G,32mm,18.0g,8.0,http://bakucolle.com/archives/20336335.html
NewVestroia,眼＜祉祉眼ゃ (),Pyrus Ultra Dragonoid,Pyrus,480G,32mm,15.0g,4.0,http://bakucolle.com/archives/11348045.html
NewVestroia,眼＜祉祉眼ゃ (＜若娯罕),Pyrus Ultra Dragonoid,Pyrus,490G/520G,32mm,14.0g,3.0,http://bakucolle.com/archives/11347871.html
NewVestroia,祉眼ゃ,Ultra Dragonoid,Pyrus,850G,32mm,14.0g,8.0,http://bakucolle.com/archives/11347613.html
NewVestroia,祉眼ゃ,Ultra Dragonoid,Pyrus,580G,32mm,14.5g,7.0,http://bakucolle.com/archives/11347435.html
NewVestroia,祉眼ゃ (),Ultra Dragonoid,Pyrus,580G/750G,32mm,15.0g,7.0,http://bakucolle.com/archives/11348171.html
NewVestroia,祉眼ゃ (＜若娯罕),Ultra Dragonoid,Pyrus,780G,32mm,14.0g,5.0,http://bakucolle.com/archives/11347938.html
NewVestroia,≪≪祉祉眼ゃ,Ultra Dragonoid,Aquos,540G,32mm,14.5g,7.0,http://bakucolle.com/archives/20336543.html
NewVestroia,≪≪祉祉眼ゃ (＜若娯罕),Ultra Dragonoid,Aquos,540G,32mm,14.0g,6.0,http://bakucolle.com/archives/20336518.html
NewVestroia,泣祉祉眼ゃ,Ultra Dragonoid,Subterra,680G,32mm,14.5g,7.0,http://bakucolle.com/archives/25178078.html
NewVestroia,若潟祉祉眼ゃ,Darkus Ultra Dragonoid,Darkus,770G,32mm,14.5g,8.0,http://bakucolle.com/archives/29333773.html
NewVestroia,祉眼ゃ 祉帥ゃ若,Ultra Dragonoid Tyhoon,Pyrus,720G,32mm,14.0g,8.0,http://bakucolle.com/archives/11347769.html
NewVestroia,≪≪祉 眼ゃ祉帥ゃ若,Ultra Dragonoid Tyhoon,Aquos,710G,32mm,14.0g,8.0,http://bakucolle.com/archives/20336573.html
NewVestroia,若ｃ鴻祉 眼ゃ祉帥ゃ若,Ultra Dragonoid Tyhoon,Ventus,670G,32mm,14.0g,8.0,http://bakucolle.com/archives/25103821.html
NewVestroia,眼＜祉鴻祉眼ゃ,Pyrus Pyro Dragonoid,Pyrus,340G/360G/380G,32mm,11.0g,2.0,http://bakucolle.com/archives/11346960.html
NewVestroia,祉鴻祉眼ゃ,Haos Pyro Dragonoid,Haos,500G,32mm,11.5g,3.0,http://bakucolle.com/archives/15165373.html
NewVestroia,若潟祉鴻祉眼ゃ,Darkus Pyro Dragonoid,Darkus,500G/520G,32mm,11.0g,3.0,http://bakucolle.com/archives/12997411.html
NewVestroia,鴻祉眼ゃ,Pyro Dragonoid,Pyrus,380G/410G/600G/660G,32mm,11.0g,3.0,http://bakucolle.com/archives/11347019.html
NewVestroia,眼＜祉鴻祉眼ゃ,Pyrus Pyro Dragonoid,Pyrus,500G,32mm,11.5g,5.0,http://bakucolle.com/archives/11347138.html
NewVestroia,≪≪祉鴻祉眼ゃ,Aquos Pyro Dragonoid,Aquos,630G,32mm,11.5g,5.0,http://bakucolle.com/archives/29652835.html
NewVestroia,若ｃ鴻祉鴻祉眼ゃ,Ventus Pyro Dragonoid,Ventus,460G/550G,32mm,11.5g,3.0,http://bakucolle.com/archives/25102343.html
NewVestroia,鴻祉眼ゃ (＜若娯罕),Pyro Dragonoid,Ventus,600G,32mm,11.5g,3.0,http://bakucolle.com/archives/25102717.html
NewVestroia,泣祉鴻祉眼ゃ,Subterra Pyro Dragonoid,Subterra,500G/530G,32mm,11.5g,4.0,http://bakucolle.com/archives/25177519.html
NewVestroia,祉鴻祉眼ゃ,Pyro Dragonoid,Haos,480G/560G,32mm,11.0g,4.0,http://bakucolle.com/archives/15165390.html
NewVestroia,祉 祉眼ゃ,Pyro Dragonoid,Haos,640G,32mm,12.0g,7.0,http://bakucolle.com/archives/15169321.html
NewVestroia,若潟祉 祉眼ゃ,Pyro Dragonoid,Darkus,590G,32mm,11.0g,4.0,http://bakucolle.com/archives/12997455.html
NewVestroia,≪≪ ゃ若眼ゃ,Hyper Dragonoid,Aquos,540G,32mm,11.5g,4.0,http://bakucolle.com/archives/20249664.html
NewVestroia,若潟祉ゃ若祉眼ゃ,Darkus Hyper Dragonoid,Darkus,500G,32mm,11.5g,3.0,http://bakucolle.com/archives/12986227.html
NewVestroia,ゃ 祉眼ゃ,Hyper Dragonoid,Pyrus,500G/550G/680G/700G/740G,32mm,11.5g,4.0,http://bakucolle.com/archives/11349223.html
NewVestroia,眼＜祉ゃ若祉眼ゃ,Pyrus Hyper Dragonoid,Pyrus,570G/690G,32mm,12.0g,5.0,http://bakucolle.com/archives/11349093.html
NewVestroia,ゃ 祉眼ゃ,Hyper Dragonoid,Pyrus,560G/740G,32mm,12.0g,6.0,http://bakucolle.com/archives/11349144.html
NewVestroia,ゃ若祉眼ゃ (＜若娯罕),Hyper Dragonoid,Pyrus,550G/600G/650G/740G,32mm,11.5g,4.0,http://bakucolle.com/archives/11349322.html
NewVestroia,眼＜祉ゃ若祉眼ゃ,Pyrus Hyper Dragonoid,Pyrus,620G,32mm,12.0g,6.0,http://bakucolle.com/archives/29653181.html
NewVestroia,≪≪祉ゃ若祉眼ゃ,Aquos Hyper Dragonoid,Aquos,670G,32mm,12.0g,5.0,http://bakucolle.com/archives/29653137.html
NewVestroia,≪≪祉ゃ若祉眼ゃ,Aquos Hyper Dragonoid,Aquos,600G,32mm,12.0g,6.0,http://bakucolle.com/archives/29653150.html
NewVestroia,若ｃ鴻祉ゃ若祉眼ゃ (＜若娯罕),Ventus Hyper Dragonoid,Ventus,700G,32mm,11.5g,6.0,http://bakucolle.com/archives/29332684.html
NewVestroia,泣祉ゃ若祉眼ゃ (＜若娯罕),Subterra Hyper Dragonoid,Subterra,710G,32mm,11.5g,6.0,http://bakucolle.com/archives/29653119.html
NewVestroia,祉ゃ若祉眼ゃ,Haos Hyper Dragonoid,Haos,670G,32mm,12.0g,5.0,http://bakucolle.com/archives/29653143.html
NewVestroia,ゃ 祉眼ゃ,Hyper Dragonoid,Darkus,650G,32mm,11.5g,6.0,http://bakucolle.com/archives/12986267.html
NewVestroia,ゃ若祉眼ゃ,Hyper Dragonoid,Darkus,730G,32mm,11.5g,6.0,http://bakucolle.com/archives/12985245.html
NewVestroia,若潟祉ゃ若祉眼ゃ,Darkus Hyper Dragonoid,Darkus,530G,32mm,11.5g,6.0,http://bakucolle.com/archives/12985276.html
NewVestroia,若潟祉ゃ若祉眼ゃ,Darkus Hyper Dragonoid,Darkus,530G,32mm,11.5g,6.0,http://bakucolle.com/archives/29332703.html
NewVestroia,ゃ 祉眼ゃ,Hyper Dragonoid,Clear,Unknown,32mm,11.5g,6.0,http://bakucolle.com/archives/11349390.html
NewVestroia,ゃ 祉眼ゃ,Hyper Dragonoid,Clear,740G,32mm,11.5g,6.0,http://bakucolle.com/archives/12986331.html
NewVestroia,ゃ 祉眼ゃ,Hyper Dragonoid,Clear,850G,32mm,11.5g,6.0,http://bakucolle.com/archives/25103632.html
NewVestroia,ゃ若祉眼ゃ,Hyper Dragonoid,Clear,710G,32mm,11.5g,6.0,http://bakucolle.com/archives/25177488.html
NewVestroia,泣ゃ潟 眼ゃ,Cyclone Dragonoid,Pyrus,Unknown,32mm,g,5.0,http://bakucolle.com/archives/15832325.html
NewVestroia,泣ゃ潟祉眼ゃ,Cyclone Dragonoid,Ventus,800G,32mm,13.5g,5.0,http://bakucolle.com/archives/25103645.html
NewVestroia,泣祉泣ゃ潟祉眼ゃ,Subterra Dragonoid,Subterra,690G,32mm,13.5g,7.0,http://bakucolle.com/archives/29332674.html
NewVestroia,鴻祉眼ゃ,Cross Dragonoid,Pyrus,540G,32mm,16.0g,4.0,http://bakucolle.com/archives/11348376.html
NewVestroia,眼＜祉鴻祉眼ゃ,Pyrus Cross Dragonoid,Pyrus,540G,32mm,16.0g,5.0,http://bakucolle.com/archives/11348512.html
NewVestroia,鴻祉眼ゃ,Cross Dragonoid,Pyrus,580G,32mm,16.5g,5.0,http://bakucolle.com/archives/11348845.html
NewVestroia,≪≪祉鴻祉眼ゃ,Cross Dragonoid,Aquos,540G,32mm,16.0g,7.0,http://bakucolle.com/archives/20249224.html
NewVestroia,若ｃ鴻祉鴻祉眼ゃ,Cross Dragonoid,Ventus,500G,32mm,16.0g,4.0,http://bakucolle.com/archives/20249289.html
NewVestroia,若ｃ鴻祉鴻祉眼ゃ (≪帥ゃ),Cross Dragonoid,Ventus,540G,32mm,17.0g,9.0,http://bakucolle.com/archives/10874123.html
NewVestroia,若潟祉鴻祉眼ゃ,Cross Dragonoid,Darkus,500G,32mm,16.0g,6.0,http://bakucolle.com/archives/13001377.html
NewVestroia,若潟祉鴻祉眼ゃ (≪),Darkus Cross Dragonoid (Clear Black),Darkus,540G,32mm,16.5g,5.0,http://bakucolle.com/archives/13001484.html
NewVestroia,≪ｃ＜ 祉眼ゃ 7 in 1,7 in 1 Maxus Dragonoid,Pyrus,Unknown,,117.0g,2.0,http://bakucolle.com/archives/12238568.html
NewVestroia,≪ｃ＜ 祉眼ゃ 7 in 1,7 in 1 Maxus Dragonoid,Pyrus,7 in 1 MAXUS DRAGONOID,,117.0g,5.0,http://bakucolle.com/archives/12237788.html
NewVestroia,眼＜祉,Pyrus Viper Helios,Pyrus,400G/420G/440G,32mm,13.5g,2.0,http://bakucolle.com/archives/11361308.html
NewVestroia,眼＜祉 鴻激ｃ寂罕,Pyrus Viper Helios Special Color,Pyrus,480G/510G/560G,32mm,13.5g,7.0,http://bakucolle.com/archives/11361501.html
NewVestroia,≪≪祉,Aquos Viper Helios,Aquos,500G,32mm,13.5g,3.0,http://bakucolle.com/archives/13000908.html
NewVestroia,,Viper Helios,Pyrus,650G,32mm,13.5g,7.0,http://bakucolle.com/archives/11361211.html
NewVestroia,眼＜祉,Pyrus Viper Helios,Pyrus,720G,32mm,13.5g,7.0,http://bakucolle.com/archives/26545216.html
NewVestroia,≪≪祉,Viper Helios,Aquos,730G,32mm,13.5g,5.0,http://bakucolle.com/archives/20336971.html
NewVestroia,≪≪祉 (＜若娯罕),Viper Helios,Aquos,730G,32mm,13.5g,5.0,http://bakucolle.com/archives/25025484.html
NewVestroia,≪≪祉,Aquos Viper Helios,Aquos,650G,32mm,14.0g,8.0,http://bakucolle.com/archives/20337045.html
NewVestroia,≪≪祉,Viper Helios,Aquos,660G,32mm,14.0g,7.0,http://bakucolle.com/archives/20337015.html
NewVestroia,≪≪祉,Aquos Viper Helios,Aquos,710G,32mm,13.5g,7.0,http://bakucolle.com/archives/29333399.html
NewVestroia,若ｃ鴻祉,Ventus Viper Helios,Ventus,660G,32mm,14.0g,5.0,http://bakucolle.com/archives/26545144.html
NewVestroia,若ｃ鴻祉,Ventus Viper Helios,Ventus,850G,32mm,14.0g,8.0,http://bakucolle.com/archives/25104655.html
NewVestroia,泣祉,Viper Helios,Subterra,480G,32mm,13.5g,5.0,http://bakucolle.com/archives/25178219.html
NewVestroia,泣祉,Viper Helios,Subterra,550G,32mm,13.5g,7.0,http://bakucolle.com/archives/25178319.html
NewVestroia,祉,Haos Viper Helios,Haos,550G,32mm,14.0g,7.0,http://bakucolle.com/archives/19419116.html
NewVestroia,祉,Haos Viper Helios,Haos,730G/770G,32mm,14.0g,7.0,http://bakucolle.com/archives/26545162.html
NewVestroia,,Viper Helios,Darkus,550G,32mm,13.5g,7.0,http://bakucolle.com/archives/13001014.html
NewVestroia,若潟祉,Darkus Viper Helios,Darkus,610G,32mm,13.5g,7.0,http://bakucolle.com/archives/26545197.html
NewVestroia,若潟祉,Darkus Viper Helios,Darkus,750G,32mm,14.0g,7.0,http://bakucolle.com/archives/29653504.html
NewVestroia,若潟祉,Darkus Viper Helios,Darkus,550G,32mm,14.0g,7.0,http://bakucolle.com/archives/29653478.html
NewVestroia,,Viper Helios,Clear,720G,32mm,14.0g,7.0,http://bakucolle.com/archives/15169532.html
NewVestroia,,Viper Helios,Clear,550G/850G,32mm,14.0g,8.0,http://bakucolle.com/archives/25025532.html
NewVestroia,,Viper Helios,Clear,650G,32mm,13.5g,6.0,http://bakucolle.com/archives/11361273.html
NewVestroia,若祉若,Orbit Helios,Ventus,520G,32mm,14.5g,3.0,http://bakucolle.com/archives/7387251.html
NewVestroia,若祉若,Orbit Helios,Aquos,720G,32mm,,,http://bakucolle.com/archives/7155221.html
NewVestroia,泣ゃ若違,Cyborg Helios,Pyrus,500G,32mm,11.5g,4.0,http://bakucolle.com/archives/12236576.html
NewVestroia,若ｃ鴻祉泣ゃ若違祉,Ventus Cyborg Helios,Ventus,520G/540G,32mm,12.0g,3.0,http://bakucolle.com/archives/13000750.html
NewVestroia,泣ゃ若違祉,Cyborg Helios,Haos,460G,32mm,12.0g,4.0,http://bakucolle.com/archives/15169421.html
NewVestroia,若潟祉泣ゃ若違祉,Darkus Cyborg Helios,Darkus,520G,32mm,12.0g,3.0,http://bakucolle.com/archives/13000886.html
NewVestroia,泣ゃ若違,Cyborg Helios,Pyrus,450G/620G/680G,32mm,12.0g,4.0,http://bakucolle.com/archives/11361784.html
NewVestroia,泣ゃ若違祉,Cyborg Helios,Pyrus,650G,32mm,12.5g,7.0,http://bakucolle.com/archives/11011288.html
NewVestroia,眼＜祉泣ゃ若違,Pyrus Cyborg Helios,Pyrus,600G,32mm,11.5g,8.0,http://bakucolle.com/archives/26573009.html
NewVestroia,泣ゃ若違,Cyborg Helios,Aquos,720G,32mm,12.0g,7.0,http://bakucolle.com/archives/20336927.html
NewVestroia,≪≪祉泣ゃ若違,Aquos Cyborg Helios,Aquos,780G,32mm,12.0g,7.0,http://bakucolle.com/archives/29653348.html
NewVestroia,≪≪祉泣ゃ若違,Aquos Cyborg Helios,Aquos,Unknown,32mm,12.0g,9.0,http://bakucolle.com/archives/27133089.html
NewVestroia,若ｃ鴻祉泣ゃ若違,Ventus Cyborg Helios,Ventus,780G,32mm,11.5g,6.0,http://bakucolle.com/archives/26832853.html
NewVestroia,若ｃ鴻祉泣ゃ若違,Ventus Cyborg Helios,Ventus,Unknown,32mm,12.5g,9.0,http://bakucolle.com/archives/27133034.html
NewVestroia,泣祉泣ゃ若違,Cyborg Helios,Subterra,540G,32mm,11.5g,4.0,http://bakucolle.com/archives/25178175.html
NewVestroia,泣ゃ若違,Cyborg Helios,Haos,580G/630G,32mm,11.5g,4.0,http://bakucolle.com/archives/15166322.html
NewVestroia,泣ゃ若違,Cyborg Helios,Haos,625G,32mm,12.0g,7.0,http://bakucolle.com/archives/21636681.html
NewVestroia,鴻祉泣ゃ若違,Cyborg Helios,Haos,770G,32mm,11.5g,6.0,http://bakucolle.com/archives/25526116.html
NewVestroia,若潟祉泣ゃ若違祉,Darkus Cyborg Helios,Darkus,670G,32mm,12.0g,8.0,http://bakucolle.com/archives/29332551.html
NewVestroia,≪＜若ャ,Alpha Hydranoid,Darkus,Unknown,,,,http://bakucolle.com/archives/7037374.html
NewVestroia,泣ゃ若違祉,Cyborg Helios,Darkus,Unknown,32mm,12.0g,9.0,http://bakucolle.com/archives/25085291.html
NewVestroia,泣ゃ若違,Cyborg Helios,Clear,650G,32mm,12.5g,7.0,http://bakucolle.com/archives/25036138.html
NewVestroia,泣ゃ若違鴻祉帥若,Turbine Helios,Pyrus,440G/460G/480G,32mm,17.0g,2.0,http://bakucolle.com/archives/11361651.html
NewVestroia,≪≪祉泣ゃ若違鴻祉帥若,Aquos Turbine Helios,Aquos,640G,32mm,17.5g,5.0,http://bakucolle.com/archives/29332578.html
NewVestroia,若ｃ鴻 泣ゃ若違鴻祉帥若,Turbine Helios,Ventus,630G/640G,32mm,17.5g,5.0,http://bakucolle.com/archives/25112168.html
NewVestroia,泣ゃ若違 祉帥若,Turbine Helios,Haos,800G,32mm,17.0g,5.0,http://bakucolle.com/archives/15166392.html
NewVestroia,MK,Helios MK,Pyrus,540G,32mm,15.5g,4.0,http://bakucolle.com/archives/7726822.html
NewVestroia,眼＜祉MK(),Pyrus Helios MK(Black),Pyrus,540G,32mm,16.0g,7.0,http://bakucolle.com/archives/7726994.html
NewVestroia,眼＜祉MK,Pyrus Helios MK,Pyrus,520G/540G+(180G/200G),32mm,15.5g/(16.5)g,7.0,http://bakucolle.com/archives/7728182.html
NewVestroia,MK 鐚 ゃ潟ｃ鴻帥,Clear Helios MK + Twin Destructor,Pyrus,540G+(200G),32mm,16.0g/(17.5)g,8.0,http://bakucolle.com/archives/7727994.html
NewVestroia,MK,Helios MK,Aquos,520G,32mm,15.5g,5.0,http://bakucolle.com/archives/7727053.html
NewVestroia,若ｃ鴻祉MK,Ventus Helios MK,Ventus,540G,32mm,15.5g,7.0,http://bakucolle.com/archives/7727332.html
NewVestroia,若ｃ鴻祉MK (≪違若),Ventus Helios MK (Clear Green),Ventus,550G,32mm,16.5g,8.0,http://bakucolle.com/archives/7727512.html
NewVestroia,若潟祉MK,Darkus Helios MK,Darkus,520G,32mm,15.5g,6.0,http://bakucolle.com/archives/7727404.html
NewVestroia,若潟祉MK-(≪),Darkus Helios MK-(Clear Black),Darkus,550G,32mm,16.5g,9.0,http://bakucolle.com/archives/7727716.html
NewVestroia,MK ver.4.3(≪帥ゃ),Helios MK ver.4.3(Clear Type),Clear,300G/560G,32mm,16.0g,9.0,http://bakucolle.com/archives/7728318.html
NewVestroia,≪ｃ＜ 祉 7 in 1,Maxus Helios 7 in 1,Pyrus,Unknown,,87.0g,4.0,http://bakucolle.com/archives/12236468.html
NewVestroia,≪ｃ＜ 祉 7 in 1,Maxus Helios 7 in 1,Pyrus,Unknown,,87.0g,7.0,http://bakucolle.com/archives/12237947.html
NewVestroia,≪ｃ＜祉,Maxus Helios,Pyrus,Unknown,,87.0g,7.0,http://bakucolle.com/archives/11012720.html
NewVestroia,≪≪祉ｃ,Aquos Elfin,Aquos,200G/420G/440G/460G,32mm,11.5g,3.0,http://bakucolle.com/archives/13000529.html
NewVestroia,ｃ,Elfin,Pyrus,400G/500G/700G,32mm,11.0g,5.0,http://bakucolle.com/archives/11395685.html
NewVestroia,≪≪祉ｃ,Aquos Elfin,Aquos,(550G-610G-650G)690G()780G(),32mm,11.0g,6.0,http://bakucolle.com/archives/20320398.html
NewVestroia,ｃ,Elfin,Aquos,650G,32mm,12.0g,8.0,http://bakucolle.com/archives/20320454.html
NewVestroia,若ｃ鴻祉ｃ,Elfin,Ventus,540G-610G-660G,32mm,11.0g,6.0,http://bakucolle.com/archives/25111972.html
NewVestroia,泣祉ｃ,Elfin,Subterra,700G,32mm,11.0g,6.0,http://bakucolle.com/archives/25178021.html
NewVestroia,ｃ,Elfin,Haos,(340G-570G-660G)/680G,32mm,11.0g,6.0,http://bakucolle.com/archives/15165553.html
NewVestroia,ｃ,Elfin,Clear,Unknown,32mm,11.5g,8.0,http://bakucolle.com/archives/15185411.html
NewVestroia,≪≪祉ャ≪祉ｃ,Aquos Dual Elfin,Aquos,460G,32mm,10.0g,4.0,http://bakucolle.com/archives/20249816.html
NewVestroia,眼＜祉ャ≪ 祉ｃ,Dual Elfin,Pyrus,640G,32mm,10.5g,4.0,http://bakucolle.com/archives/11395569.html
NewVestroia,ャ≪祉ｃ,Dual Elfin,Pyrus,540G,32mm,10.5g,5.0,http://bakucolle.com/archives/11395479.html
NewVestroia,眼＜祉ャ≪祉ｃ (＜若娯罕),Pyrus Dual Elfin,Pyrus,750G,32mm,10.5g,5.0,http://bakucolle.com/archives/26572867.html
NewVestroia,≪≪祉ャ≪祉ｃ,Aquos Dual Elfin,Aquos,510G/530G/690G/710G,32mm,10.5g,5.0,http://bakucolle.com/archives/20334641.html
NewVestroia,ャ≪祉ｃ (＜若娯罕),Dual Elfin,Aquos,520G,32mm,10.5g,5.0,http://bakucolle.com/archives/20334713.html
NewVestroia,≪≪祉ャ≪祉ｃ,Aquos Dual Elfin,Aquos,640G,32mm,10.5g,5.0,http://bakucolle.com/archives/29333034.html
NewVestroia,若ｃ鴻祉ャ≪祉ｃ,Dual Elfin,Ventus,550G,32mm,10.0g,5.0,http://bakucolle.com/archives/25111925.html
NewVestroia,泣祉ャ≪祉ｃ,Subterra Dual Elfin,Subterra,560G/640G,32mm,10.5g,6.0,http://bakucolle.com/archives/27384751.html
NewVestroia,祉ャ≪ 祉ｃ,Dual Elfin,Haos,520G,32mm,10.5g,5.0,http://bakucolle.com/archives/15165565.html
NewVestroia,若潟祉ャ≪祉ｃ,Darkus Dual Elfin,Darkus,530G,32mm,10.5g,6.0,http://bakucolle.com/archives/27384732.html
NewVestroia,ャ≪祉ｃ,Dual Elfin,Clear,Unknown,32mm,10.5g,7.0,http://bakucolle.com/archives/19418379.html
NewVestroia,ャ≪祉ｃ 祉ャ若激с,Dual Elfin Revolution,Aquos,550G/640G/760G,32mm,,,http://bakucolle.com/archives/7155517.html
NewVestroia,若ｃ鴻祉ャ≪祉ｃ潟祉ャ若激с,Ventus Dual Elfin Revolution,Ventus,610G/660G/750G,32mm,11.0g,6.0,http://bakucolle.com/archives/28442289.html
NewVestroia,若潟祉ャ≪祉ｃ潟祉ャ若激с,Darkus Dual Elfin Revolution,Darkus,550G/650G/750G,32mm,11.0g,6.0,http://bakucolle.com/archives/28442305.html
NewVestroia,眼＜祉潟鴻祉ｃ,Minx Elfin,Pyrus,520G,32mm,11.5g,7.0,http://bakucolle.com/archives/11395769.html
NewVestroia,潟鴻祉ｃ,Minx Elfin,Aquos,500G,32mm,12.0g,4.0,http://bakucolle.com/archives/20249883.html
NewVestroia,≪ 祉潟鴻祉ｃ,Minx Elfin,Aquos,540G,32mm,12.0g,7.0,http://bakucolle.com/archives/20249854.html
NewVestroia,若ｃ鴻祉潟鴻祉ｃ,Ventus Minx Elfin,Ventus,500G,32mm,11.5g,4.0,http://bakucolle.com/archives/25104689.html
NewVestroia,潟鴻祉ｃ ver.,Minx Elfin,Ventus,210G/550G,32mm,11.5g,7.0,http://bakucolle.com/archives/25104771.html
NewVestroia,若 祉潟鴻祉ｃ,Minx Elfin,Darkus,520G,32mm,12.0g,4.0,http://bakucolle.com/archives/13001352.html
NewVestroia,眼＜祉ゃ潟違,Pyrus Ingram,Pyrus,500G/520G,32mm,12.0g,3.0,http://bakucolle.com/archives/11367351.html
NewVestroia,若ｃ鴻祉ゃ潟違,Ventus Ingram,Ventus,400G/420G/440G,32mm,12.0g,2.0,http://bakucolle.com/archives/25102126.html
NewVestroia,ゃ潟違(≪帥ゃ),Ingram,Ventus,480G,32mm,13.0g,4.0,http://bakucolle.com/archives/10874684.html
NewVestroia,祉ゃ潟違,Haos Ingram,Haos,500G/540G,32mm,12.0g,2.0,http://bakucolle.com/archives/15185371.html
NewVestroia,若潟祉ゃ潟違,Ingram,Darkus,540G,32mm,12.0g,3.0,http://bakucolle.com/archives/12989079.html
NewVestroia,眼＜祉ゃ潟違,Ingram,Pyrus,610G,32mm,12.0g,5.0,http://bakucolle.com/archives/11367514.html
NewVestroia,≪≪祉ゃ潟違,Ingram,Aquos,640G,32mm,12.5g,8.0,http://bakucolle.com/archives/20324478.html
NewVestroia,若ｃ鴻祉ゃ潟違,Ventus Ingram,Ventus,420G/650G,32mm,12.0g,7.0,http://bakucolle.com/archives/29653070.html
NewVestroia,ゃ潟違,Ingram,Ventus,650G,32mm,12.5g,8.0,http://bakucolle.com/archives/25091748.html
NewVestroia,ゃ潟違,Ingram,Ventus,780G,32mm,12.0g,7.0,http://bakucolle.com/archives/25526087.html
NewVestroia,若ｃ鴻祉ゃ潟違,Ventus Ingram,Ventus,600G,32mm,13.0g,7.0,http://bakucolle.com/archives/27385094.html
NewVestroia,泣祉ゃ潟違,Ingram,Subterra,680G,32mm,12.0g,5.0,http://bakucolle.com/archives/25177824.html
NewVestroia,祉ゃ潟違,Ingram,Haos,650G,32mm,12.0g,5.0,http://bakucolle.com/archives/15164344.html
NewVestroia,ゃ潟違,Ingram,Haos,730G,32mm,12.0g,5.0,http://bakucolle.com/archives/15922421.html
NewVestroia,若潟祉ゃ潟違,Ingram,Darkus,510G/730G,32mm,12.0g,5.0,http://bakucolle.com/archives/12989127.html
NewVestroia,若潟祉ゃ潟違,Ingram,Darkus,720G,32mm,12.0g,6.0,http://bakucolle.com/archives/12989173.html
NewVestroia,若潟祉ゃ潟違,Darkus Ingram,Darkus,560G/690G,32mm,12.5g,7.0,http://bakucolle.com/archives/12989194.html
NewVestroia,眼＜祉ゃ潟違,Pyrus Ingram,Clear,680G/760G,32mm,12.0g,8.0,http://bakucolle.com/archives/25027009.html
NewVestroia,眼＜祉ゃ潟違,Ingram,Clear,610G,32mm,12.0g,6.0,http://bakucolle.com/archives/11367582.html
NewVestroia,若鴻祉ゃ潟違,Boost Ingram,Ventus,670G,32mm,10.5g,7.0,http://bakucolle.com/archives/25094275.html
NewVestroia,若鴻祉ゃ潟違,Boost Ingram,Subterra,650G,32mm,10.5g,7.0,http://bakucolle.com/archives/25177436.html
NewVestroia,眼＜祉潟鴻祉ゃ潟違,Pyrus Cosmic Ingram,Pyrus,500G/540G,32mm,12.0g,3.0,http://bakucolle.com/archives/11367786.html
NewVestroia,若ｃ鴻祉潟鴻祉ゃ潟違,Ventus Cosmic Ingram,Ventus,260G/480G,32mm,12.0g,3.0,http://bakucolle.com/archives/25111267.html
NewVestroia,眼＜祉潟鴻 祉ゃ潟違,Cosmic Ingram,Pyrus,450G,32mm,12.5g,6.0,http://bakucolle.com/archives/11367922.html
NewVestroia,眼＜祉潟鴻 祉ゃ潟違,Cosmic Ingram,Pyrus,700G/720G,32mm,12.0g,5.0,http://bakucolle.com/archives/11367841.html
NewVestroia,≪≪祉潟鴻祉ゃ潟違,Cosmic Ingram,Aquos,510G/540G/640G,32mm,12.0g,5.0,http://bakucolle.com/archives/20324422.html
NewVestroia,若ｃ鴻祉潟鴻祉ゃ潟違,Ventus Cosmic Ingram,Ventus,450G/460G/490G/510G/560G/590G/660G/690G,32mm,12.0g,4.0,http://bakucolle.com/archives/25111430.html
NewVestroia,若ｃ鴻祉潟鴻祉ゃ潟違,Ventus Cosmic Ingram,Ventus,485G,32mm,12.5g,7.0,http://bakucolle.com/archives/25111496.html
NewVestroia,潟鴻祉ゃ潟違,Cosmic Ingram,Ventus,690G,32mm,12.0g,7.0,http://bakucolle.com/archives/25111464.html
NewVestroia,泣祉潟鴻祉ゃ潟違,Subterra Cosmic Ingram,Subterra,580G,32mm,12.0g,4.0,http://bakucolle.com/archives/29332978.html
NewVestroia,潟鴻祉ゃ潟違,Cosmic Ingram,Haos,500G/720G,32mm,12.5g,7.0,http://bakucolle.com/archives/15165674.html
NewVestroia,若潟祉潟鴻祉ゃ潟違,Darkus Cosmic Ingram,Darkus,450G/500G,32mm,12.5g,6.0,http://bakucolle.com/archives/12997929.html
NewVestroia,潟鴻祉ゃ潟違,Cosmic Ingram,Clear,700G,32mm,12.5g,7.0,http://bakucolle.com/archives/15169169.html
NewVestroia,眼＜祉鴻帥若祉ゃ潟違,Master Ingram,Pyrus,520G,32mm,13.0g,6.0,http://bakucolle.com/archives/11368107.html
NewVestroia,鴻帥若祉ゃ潟違,Master Ingram,Ventus,500G,32mm,13.0g,4.0,http://bakucolle.com/archives/25104847.html
NewVestroia,鴻帥若祉ゃ潟違,Master Ingram,Ventus,550G,32mm,13.0g,7.0,http://bakucolle.com/archives/25104891.html
NewVestroia,鴻帥若祉ゃ潟違,Master Ingram,Haos,540G,32mm,13.0g,4.0,http://bakucolle.com/archives/15164387.html
NewVestroia,祉鴻帥若祉ゃ潟違 (潟鴻若祉潟),Haos Master Ingram (Translucent),Haos,550G,32mm,13.0g,9.0,http://bakucolle.com/archives/25752096.html
NewVestroia,若潟祉鴻帥若祉ゃ潟違,Darkus Master Ingram,Darkus,520G,32mm,13.0g,4.0,http://bakucolle.com/archives/13001207.html
NewVestroia,≪≪祉ｃ,Aquos Wilda,Aquos,410G/520G/580G,32mm,11.5g,5.0,http://bakucolle.com/archives/20334521.html
NewVestroia,若ｃ鴻祉ｃ,Ventus Wilda,Ventus,520G,32mm,11.0g,6.0,http://bakucolle.com/archives/29652653.html
NewVestroia,若ｃ鴻祉ｃ,Wilda,Ventus,570G,32mm,11.0g,6.0,http://bakucolle.com/archives/25112014.html
NewVestroia,泣祉ｃ,Subterra Wilda,Subterra,450G/530G/620G/640G/680G/700G,32mm,11.0g,4.0,http://bakucolle.com/archives/25175912.html
NewVestroia,ｃ,Wilda,Subterra,515G,32mm,11.5g,5.0,http://bakucolle.com/archives/25176085.html
NewVestroia,ｃ,Wilda,Subterra,750G,32mm,11.0g,5.0,http://bakucolle.com/archives/25176035.html
NewVestroia,泣祉ｃ,Subterra Wilda,Subterra,670G,32mm,11.5g,7.0,http://bakucolle.com/archives/25176133.html
NewVestroia,若潟祉ｃ,Darkus Wilda,Darkus,530G/560G,32mm,11.5g,5.0,http://bakucolle.com/archives/12998473.html
NewVestroia,ｃ,Wilda,Clear,600G,32mm,11.5g,6.0,http://bakucolle.com/archives/15169050.html
NewVestroia,ｃ,Thunder Wilda,Subterra,400G/420G/440G,32mm,14.5g,3.0,http://bakucolle.com/archives/25175836.html
NewVestroia,ｃ(＜若娯罕),Thunder Wilda,Subterra,180G/550G,32mm,14.5g,3.0,http://bakucolle.com/archives/25175855.html
NewVestroia,眼＜祉ｃ (＜若娯罕),Pyrus Thunder Wilda,Pyrus,700G,32mm,14.5g,7.0,http://bakucolle.com/archives/29333236.html
NewVestroia,若ｃ鴻祉ｃ,Thunder Wilda,Ventus,710G,32mm,14.5g,5.0,http://bakucolle.com/archives/25111996.html
NewVestroia,ｃ,Thunder Wilda,Subterra,Unknown,32mm,,6.0,http://bakucolle.com/archives/12985540.html
NewVestroia,泣祉ｃ (＜若娯罕),Subterra Thunder Wilda,Subterra,500G/690G/750G/760G,32mm,14.5g,4.0,http://bakucolle.com/archives/25175886.html
NewVestroia,泣祉ｃ,Subterra Thunder Wilda,Subterra,630G,32mm,14.5g,6.0,http://bakucolle.com/archives/29652820.html
NewVestroia,泣祉ｃ,Subterra Thunder Wilda,Subterra,760G,32mm,15.5g,7.0,http://bakucolle.com/archives/26572931.html
NewVestroia,ｃ,Thunder Wilda,Clear,570G,32mm,15.5g,5.0,http://bakucolle.com/archives/15169096.html
NewVestroia,眼＜祉若激,Pyrus Percival,Pyrus,510G/520G,32mm,12.5g,3.0,http://bakucolle.com/archives/11364001.html
NewVestroia,≪≪祉若激,Aquos Percival,Aquos,540G,32mm,12.5g,3.0,http://bakucolle.com/archives/20249754.html
NewVestroia,泣祉若激,Percival,Subterra,500G,32mm,13.5g,3.0,http://bakucolle.com/archives/25177611.html
NewVestroia,若潟祉若激,Darkus Percival,Darkus,380G/400G/440G,32mm,12.5g,2.0,http://bakucolle.com/archives/12986450.html
NewVestroia,若潟祉若激(),Darkus Percival,Darkus,480G,32mm,13.5g,4.0,http://bakucolle.com/archives/12987235.html
NewVestroia,眼＜祉若激,Percival,Pyrus,410G,32mm,12.5g,5.0,http://bakucolle.com/archives/11364057.html
NewVestroia,眼＜祉若激,Nova Percival,Pyrus,700G,32mm,12.5g,7.0,http://bakucolle.com/archives/26545017.html
NewVestroia,眼＜祉若激,Percival,Pyrus,500G,32mm,12.5g,6.0,http://bakucolle.com/archives/11364219.html
NewVestroia,≪≪祉若激,Aquos Percival,Aquos,520G/630G,32mm,12.5g,5.0,http://bakucolle.com/archives/20320525.html
NewVestroia,≪≪祉若激,Aquos Percival,Aquos,550G,32mm,13.5g,7.0,http://bakucolle.com/archives/20320590.html
NewVestroia,若ｃ鴻祉若激,Percival,Ventus,570G/720G,32mm,12.5g,4.0,http://bakucolle.com/archives/25104610.html
NewVestroia,若ｃ鴻祉若激,Ventus Percival,Ventus,580G,32mm,13.0g,5.0,http://bakucolle.com/archives/25104632.html
NewVestroia,泣祉若激,Percival,Subterra,470G/600G,32mm,12.5g,4.0,http://bakucolle.com/archives/25177676.html
NewVestroia,若潟祉若激,Darkus Percival,Darkus,440G/470G/500G/530G/630G/650G/660,32mm,13.0g,4.0,http://bakucolle.com/archives/12986574.html
NewVestroia,若激(),Percival,Darkus,480G/600G,32mm,13.5g,6.0,http://bakucolle.com/archives/12987337.html
NewVestroia,若激 祉眼,Percival Vortex,Darkus,460G,32mm,12.5g,4.0,http://bakucolle.com/archives/12986746.html
NewVestroia,若激 祉眼,Percival Vortex,Darkus,650G,32mm,12.5g,5.0,http://bakucolle.com/archives/12986815.html
NewVestroia,眼＜祉≪＜祉若激,Pyrus Alpha Percival,Pyrus,440G/490G,32mm,12.0g,3.0,http://bakucolle.com/archives/11362634.html
NewVestroia,若潟祉≪ 祉若激,Alpha Percival,Darkus,520G,32mm,12.0g,3.0,http://bakucolle.com/archives/12988150.html
NewVestroia,眼＜祉≪＜祉若激 (＜若娯罕),Alpha Percival,Pyrus,500G,32mm,12.0g,5.0,http://bakucolle.com/archives/11362759.html
NewVestroia,眼＜祉≪＜祉若激,Pyrus Alpha Percival,Pyrus,600G,32mm,12.5g,6.0,http://bakucolle.com/archives/29653532.html
NewVestroia,≪≪祉≪＜祉若激,Aquos Alpha Percival,Aquos,500G,32mm,12.0g,8.0,http://bakucolle.com/archives/29333566.html
NewVestroia,≪＜祉若激,Alpha Percival,Ventus,570G/630G,32mm,12.0g,5.0,http://bakucolle.com/archives/25102924.html
NewVestroia,泣祉≪＜祉若激,Alpha Percival,Subterra,600G,32mm,12.5g,7.0,http://bakucolle.com/archives/25177986.html
NewVestroia,祉≪＜祉若激,Haos Alpha Percival,Haos,570G,32mm,11.5g,9.0,http://bakucolle.com/archives/27844259.html
NewVestroia,≪＜祉若激,Alpha Percival,Haos,570G,32mm,12.5g,7.0,http://bakucolle.com/archives/15169013.html
NewVestroia,若潟 ≪＜祉若激,Alpha Percival,Darkus,720G/770G/800G,32mm,12.0g,5.0,http://bakucolle.com/archives/12988176.html
NewVestroia,若潟祉≪＜祉若激,Darkus Alpha Percival,Darkus,710G,32mm,12.5g,7.0,http://bakucolle.com/archives/26572946.html
NewVestroia,若潟祉≪＜祉若激,Darkus Alpha Percival,Darkus,580G,32mm,12.0g,7.0,http://bakucolle.com/archives/29333545.html
NewVestroia,≪＜祉若激,Alpha Percival,Clear,570G,32mm,12.5g,5.0,http://bakucolle.com/archives/15168721.html
NewVestroia,泣祉≪＜祉若激祉泣ゃ,Subterra Alpha Percival Cyclone,Subterra,710G,32mm,13.5g,8.0,http://bakucolle.com/archives/29333471.html
NewVestroia,祉≪＜祉若激祉泣ゃ,Haos Alpha Percival Cyclone,Haos,710G,32mm,13.5g,7.0,http://bakucolle.com/archives/29333455.html
NewVestroia,≪＜祉若激 祉泣ゃ,Alpha Percival Cyclone,Darkus,700G,32mm,13.5g,6.0,http://bakucolle.com/archives/12681245.html
NewVestroia,若潟祉ゃ祉若激,Darkus Midnight Percival,Darkus,480G,32mm,11.0g,3.0,http://bakucolle.com/archives/12987920.html
NewVestroia,ゃ祉若激,Midnight Percival,Pyrus,500G,32mm,12.0g,5.0,http://bakucolle.com/archives/11363904.html
NewVestroia,≪≪祉ゃ祉若激,Aquos Midnight Percival,Aquos,550G,32mm,11.5g,7.0,http://bakucolle.com/archives/29653612.html
NewVestroia,ゃ祉若激,Midnight Percival,Subterra,570G/640G,32mm,11.0g,4.0,http://bakucolle.com/archives/25177719.html
NewVestroia,泣祉ゃ祉若激,Subterra Midnight Percival,Subterra,610G,32mm,11.5g,7.0,http://bakucolle.com/archives/29333590.html
NewVestroia,ゃ 祉若激,Midnight Percival,Haos,550G,32mm,11.0g,4.0,http://bakucolle.com/archives/15166253.html
NewVestroia,ゃ祉若激 (＜若娯罕),Midnight Percival,Haos,570G,32mm,11.0g,4.0,http://bakucolle.com/archives/15166283.html
NewVestroia,若潟祉ゃ祉若激,Darkus Midnight Percival,Darkus,550G/610G/620G/660G,32mm,11.0g,4.0,http://bakucolle.com/archives/12988009.html
NewVestroia,眼＜祉ゃ祉若激,Knight Percival,Pyrus,500G,32mm,17.0g,4.0,http://bakucolle.com/archives/11362889.html
NewVestroia,眼＜祉ゃ祉若激 (≪),Knight Percival,Pyrus,210G/550G,32mm,18.0g,4.0,http://bakucolle.com/archives/11363764.html
NewVestroia,≪≪祉ゃ祉若激,Knight Percival,Aquos,520G,32mm,17.5g,4.0,http://bakucolle.com/archives/20249146.html
NewVestroia,泣祉ゃ祉若激,Knight Percival,Subterra,540G,32mm,17.0g,4.0,http://bakucolle.com/archives/25178108.html
NewVestroia,ゃ祉若激,Knight Percival,Darkus,520G,32mm,17.0g,3.0,http://bakucolle.com/archives/12987466.html
NewVestroia,若潟祉ゃ祉若激(),Knight Percival,Darkus,560G,32mm,18.0g,7.0,http://bakucolle.com/archives/12987586.html
NewVestroia,泣祉激ｃ若,Subterra Mega Nemus,Subterra,500G/540G,32mm,12.5g,3.0,http://bakucolle.com/archives/25174991.html
NewVestroia,激ｃ若,Mega Nemus,Haos,400G/420G/440G,32mm,13.0g,2.0,http://bakucolle.com/archives/15165246.html
NewVestroia,激ｃ若,Mega Nemus,Pyrus,520G,32mm,12.5g,4.0,http://bakucolle.com/archives/11396248.html
NewVestroia,激ｃ若 (＜若娯罕),Mega Nemus,Pyrus,680G,32mm,12.5g,5.0,http://bakucolle.com/archives/11396476.html
NewVestroia,≪≪祉激ｃ若,Aquos Mega Nemus,Aquos,560G,32mm,12.5g,6.0,http://bakucolle.com/archives/29333372.html
NewVestroia,若ｃ鴻祉激ｃ若,Ventus Mega Nemus,Ventus,570G,32mm,13.5g,7.0,http://bakucolle.com/archives/29653457.html
NewVestroia,泣祉激ｃ若,Mega Nemus,Subterra,640G,32mm,12.0g,4.0,http://bakucolle.com/archives/25175008.html
NewVestroia,激ｃ若,Mega Nemus,Haos,520G/560G,32mm,12.5g,4.0,http://bakucolle.com/archives/15165295.html
NewVestroia,激ｃ若,Mega Nemus,Clear,Unknown,32mm,12.5g,6.0,http://bakucolle.com/archives/11396387.html
NewVestroia,若ｃ鴻祉＜祉激ｃ若,Ventus Nemus,Ventus,540G,32mm,11.0g,3.0,http://bakucolle.com/archives/25102259.html
NewVestroia,眼＜祉＜祉激ｃ若,Pyrus Nemus,Pyrus,520G,32mm,11.0g,5.0,http://bakucolle.com/archives/11396616.html
NewVestroia,≪≪祉＜祉激ｃ若,Nemus,Aquos,540G/580G,32mm,11.5g,4.0,http://bakucolle.com/archives/20334588.html
NewVestroia,泣祉＜祉激ｃ若 (＜若娯罕),Nemus,Subterra,Unknown,32mm,11.5g,4.0,http://bakucolle.com/archives/25175018.html
NewVestroia,祉＜祉激ｃ若,Haos Nemus,Haos,450G/470G/500G/570G/630G/650G,32mm,11.5g,4.0,http://bakucolle.com/archives/15165202.html
NewVestroia,＜祉激ｃ若,Nemus,Haos,Unknown,32mm,11.5g,7.0,http://bakucolle.com/archives/21636629.html
NewVestroia,＜祉激ｃ若,Nemus,Darkus,600G,32mm,11.0g,4.0,http://bakucolle.com/archives/12997838.html
NewVestroia,若潟祉＜祉激ｃ若,Darkus Nemus,Darkus,700G,32mm,11.0g,5.0,http://bakucolle.com/archives/29333348.html
NewVestroia,,Primo Vulcan,Subterra,360G/440G/460G,32mm,18.0g,2.0,http://bakucolle.com/archives/25176221.html
NewVestroia,眼＜祉,Primo Vulcan,Pyrus,Unknown,32mm,18.5g,6.0,http://bakucolle.com/archives/25041567.html
NewVestroia,若潟祉,Darkus Primo Vulcan,Darkus,660G/800G,32mm,18.5g,6.0,http://bakucolle.com/archives/12998425.html
NewVestroia,激ｃ祉,Shadow Valcan,Haos,460G,32mm,10.5g,4.0,http://bakucolle.com/archives/15165970.html
NewVestroia,眼＜祉激ｃ祉,Pyrus Shadow Vulcan,Pyrus,590G,32mm,10.5g,6.0,http://bakucolle.com/archives/26832935.html
NewVestroia,≪≪祉激ｃ祉,Shadow Vulcan,Aquos,650G,32mm,10.5g,6.0,http://bakucolle.com/archives/20333170.html
NewVestroia,泣祉激ｃ祉,Subterra Shadow Vulcan,Subterra,550G/710G,32mm,10.5g,5.0,http://bakucolle.com/archives/27385034.html
NewVestroia,激ｃ祉,Shadow Vulcan,Subterra,780G,32mm,10.5g,5.0,http://bakucolle.com/archives/25176266.html
NewVestroia,泣祉激ｃ祉,Subterra Shadow Vulcan,Subterra,660G,32mm,11.0g,8.0,http://bakucolle.com/archives/27068635.html
NewVestroia,若潟祉激ｃ祉,Darkus Shadow Vulcan,Darkus,550G,32mm,10.5g,5.0,http://bakucolle.com/archives/27844446.html
NewVestroia,若潟祉激ｃ祉,Darkus Shadow Vulcan,Darkus,560G,32mm,11.0g,5.0,http://bakucolle.com/archives/29333187.html
NewVestroia,若潟祉激ｃ祉,Darkus Shadow Vulcan,Darkus,600G,32mm,10.5g,8.0,http://bakucolle.com/archives/29333161.html
NewVestroia,激ｃ祉,Shadow Vulcan,Clear,630G/660G,32mm,11.0g,8.0,http://bakucolle.com/archives/26573033.html
NewVestroia,祉潟,Haos Mega Brontes,Haos,340G/380G/450G/460G,32mm,13.0g,3.0,http://bakucolle.com/archives/15164571.html
NewVestroia,若潟祉潟,Darkus Mega Brontes,Darkus,500G/540G,32mm,13.0g,3.0,http://bakucolle.com/archives/12998075.html
NewVestroia,≪≪祉潟,Mega Brontes,Aquos,580G,32mm,13.5g,5.0,http://bakucolle.com/archives/20321159.html
NewVestroia,泣祉潟,Mega Brontes,Subterra,550G,32mm,13.0g,5.0,http://bakucolle.com/archives/25174848.html
NewVestroia,泣祉潟,Subterra Mega Brontes,Subterra,730G,32mm,13.5g,7.0,http://bakucolle.com/archives/29333279.html
NewVestroia,祉潟,Haos Mega Brontes,Haos,550G/600G/640G/710G,32mm,13.5g,5.0,http://bakucolle.com/archives/15164600.html
NewVestroia,若潟祉潟,Mega Brontes,Darkus,660G,32mm,13.5g,5.0,http://bakucolle.com/archives/12998140.html
NewVestroia,潟,Mega Brontes,Clear,550G,32mm,14.0g,5.0,http://bakucolle.com/archives/15168152.html
NewVestroia,＜祉潟,Brontes,Pyrus,410G,32mm,11.0g,4.0,http://bakucolle.com/archives/11393391.html
NewVestroia,≪≪祉＜祉潟,Brontes,Aquos,600G,32mm,11.5g,5.0,http://bakucolle.com/archives/20321261.html
NewVestroia,若ｃ鴻祉＜祉潟,Ventus Brontes,Ventus,460G/500G/550G/590G/620G/660G/950G,32mm,11.5g,4.0,http://bakucolle.com/archives/25111578.html
NewVestroia,泣祉＜祉潟,Brontes,Subterra,720G,32mm,11.5g,4.0,http://bakucolle.com/archives/25174889.html
NewVestroia,祉＜祉潟,Haos Brontes,Haos,410G/420G/480G/670G,32mm,11.5g,4.0,http://bakucolle.com/archives/15164429.html
NewVestroia,＜祉潟,Brontes,Clear,490G/500G,32mm,12.0g,7.0,http://bakucolle.com/archives/19418439.html
NewVestroia,祉吾с若若祉潟,Haso Alto Brontes,Haos,340G/480G,32mm,13.0g,8.0,http://bakucolle.com/archives/15164682.html
NewVestroia,吾с若若祉潟 (＜若娯罕),Alto Brontes,Pyrus,680G/730G,32mm,13.0g,5.0,http://bakucolle.com/archives/11393491.html
NewVestroia,≪≪祉吾с若若祉潟 (＜若娯罕),Alto Brontes,Aquos,550G,32mm,12.5g,5.0,http://bakucolle.com/archives/20320649.html
NewVestroia,≪≪祉吾с若若祉潟,Alto Brontes,Aquos,550G,32mm,13.0g,6.0,http://bakucolle.com/archives/20320689.html
NewVestroia,祉吾с若若祉潟 (＜若娯罕),Haos Alto Brontes,Haos,520G/640G/720G/750G,32mm,12.5g,5.0,http://bakucolle.com/archives/15164756.html
NewVestroia,祉吾с若若祉潟,Haos Alto Brontes,Haos,520G,32mm,13.5g,7.0,http://bakucolle.com/archives/27844291.html
NewVestroia,祉吾с若若祉潟,Haos Alto Brontes,Haos,Unknown,32mm,13.5g,7.0,http://bakucolle.com/archives/29333259.html
NewVestroia,祉吾с若若祉潟,Haos Alto Brontes,Clear,610G,32mm,13.5g,7.0,http://bakucolle.com/archives/29653099.html
NewVestroia,≪≪祉眼с,Aquos Elico,Aquos,440G,32mm,13.0g,3.0,http://bakucolle.com/archives/20249065.html
NewVestroia,眼с,Elico,Aquos,680G,32mm,13.5g,5.0,http://bakucolle.com/archives/20335205.html
NewVestroia,泣祉眼с,Subterra Elico,Subterra,690G/820G,32mm,13.5g,6.0,http://bakucolle.com/archives/25042780.html
NewVestroia,若潟祉眼с,Darkus Elico,Darkus,G690,32mm,13.5g,6.0,http://bakucolle.com/archives/28479815.html
NewVestroia,眼＜祉鴻祉眼с,Blast Elico,Pyrus,520G,32mm,12.0g,7.0,http://bakucolle.com/archives/11395927.html
NewVestroia,鴻祉眼с,Blast Elico,Aquos,520G,32mm,12.0g,3.0,http://bakucolle.com/archives/20249020.html
NewVestroia,≪≪祉鴻祉眼с,Blast Elico,Aquos,540G,32mm,12.0g,4.0,http://bakucolle.com/archives/20248992.html
NewVestroia,若ｃ鴻祉鴻祉眼с,Blast Elico,Ventus,500G,32mm,12.0g,4.0,http://bakucolle.com/archives/25104807.html
NewVestroia,若ｃ鴻祉鴻祉眼с,Ventus Blast Elico,Ventus,550G,32mm,12.5g,6.0,http://bakucolle.com/archives/25104823.html
NewVestroia,若潟祉鴻祉眼с,Blast Elico,Darkus,500G,32mm,12.0g,4.0,http://bakucolle.com/archives/13001299.html
NewVestroia,鴻ｃ祉ゃ鴻鴻,Mystic Elico,Aquos,Unknown,32mm,12.0+1.0g,3.0,http://bakucolle.com/archives/7387492.html
NewVestroia,鴻ｃ 祉ゃ鴻鴻,Mystic Elico,Pyrus,200G/450G/600G/620G/700G/850G,32mm,12.0+(1.0g),8.0,http://bakucolle.com/archives/13241915.html
NewVestroia,眼＜祉若,Pyrus Hades,Pyrus,520G/540G,32mm,11.5g,3.0,http://bakucolle.com/archives/11392838.html
NewVestroia,若潟祉若,Darkus Hades,Darkus,440G,32mm,11.0g,3.0,http://bakucolle.com/archives/12989249.html
NewVestroia,眼＜祉若,Hades,Pyrus,570G,32mm,11.5g,4.0,http://bakucolle.com/archives/11392894.html
NewVestroia,≪≪祉若,Hades,Aquos,570G,32mm,11.5g,4.0,http://bakucolle.com/archives/20320875.html
NewVestroia,≪≪祉若,Hades,Aquos,550G,32mm,11.5g,5.0,http://bakucolle.com/archives/20321092.html
NewVestroia,若ｃ鴻祉若,Ventus Hades,Ventus,720G,32mm,11.5g,6.0,http://bakucolle.com/archives/27844222.html
NewVestroia,若,Hades,Darkus,420G/670G/710G,32mm,11.0g,4.0,http://bakucolle.com/archives/12989336.html
NewVestroia,若,Hades,Clear,680G,32mm,12.0g,6.0,http://bakucolle.com/archives/15168222.html
NewVestroia,若鴻祉帥若,Turbine Hades,Darkus,460G,32mm,15.5g,2.0,http://bakucolle.com/archives/12989385.html
NewVestroia,≪≪祉若鴻祉帥若,Aquos Turbine Hades,Aquos,640G/790G,32mm,16.0g,5.0,http://bakucolle.com/archives/20320904.html
NewVestroia,泣祉若鴻祉帥若,Turbine Hades,Subterra,640G,32mm,16.0g,5.0,http://bakucolle.com/archives/25177516.html
NewVestroia,眼＜祉≪祉若,Pyrus Myriad Hades,Pyrus,480G/490G,32mm,13.0g,3.0,http://bakucolle.com/archives/11393009.html
NewVestroia,若潟祉≪祉若,Darkus Myriad Hades,Darkus,470G/480G,32mm,13.0g,3.0,http://bakucolle.com/archives/12989438.html
NewVestroia,若ｃ 祉≪祉若 (＜若娯罕),Myriad Hades,Ventus,750G,32mm,13.5g,6.0,http://bakucolle.com/archives/25111694.html
NewVestroia,若ｃ 祉≪祉若,Myriad Hades,Ventus,750G,32mm,14.0g,7.0,http://bakucolle.com/archives/25111714.html
NewVestroia,≪祉若,Myriad Hades,Haos,700G,32mm,13.5g,7.0,http://bakucolle.com/archives/15168257.html
NewVestroia,若 祉≪祉若,Myriad Hades,Darkus,520G,32mm,13.0g,7.0,http://bakucolle.com/archives/12989487.html
NewVestroia,若 祉≪祉若,Myriad Hades,Darkus,520G,32mm,14.0g,7.0,http://bakucolle.com/archives/12989523.html
NewVestroia,若ｃ鴻祉≪帥ゃ,Ventus Altair,Ventus,360G/380G/420G/440G/460G,32mm,12.5g,3.0,http://bakucolle.com/archives/25110302.html
NewVestroia,祉≪帥ゃ,Haos Altair,Haos,500G,32mm,12.5g,3.0,http://bakucolle.com/archives/15168387.html
NewVestroia,≪帥ゃ,Altair,Pyrus,670G,32mm,12.5g,5.0,http://bakucolle.com/archives/11396750.html
NewVestroia,≪≪祉≪帥ゃ,Altair,Aquos,490G,32mm,12.5g,5.0,http://bakucolle.com/archives/20333002.html
NewVestroia,≪≪祉≪帥ゃ (＜若娯罕),Altair,Aquos,610G,32mm,12.0g,5.0,http://bakucolle.com/archives/20333036.html
NewVestroia,≪帥ゃ,Altair,Ventus,500G/510G//630G/710G,32mm,12.5g,5.0,http://bakucolle.com/archives/25110979.html
NewVestroia,≪帥ゃ,Altair,Ventus,730G,32mm,12.0g,5.0,http://bakucolle.com/archives/25111006.html
NewVestroia,若ｃ鴻祉≪帥ゃ,Ventus Altair,Ventus,640G/710G,32mm,12.5g,5.0,http://bakucolle.com/archives/25111012.html
NewVestroia,≪帥ゃ,Altair,Haos,650G,32mm,12.5g,6.0,http://bakucolle.com/archives/15168532.html
NewVestroia,祉≪帥ゃ(＜若娯罕),Haos Altair,Haos,650G,32mm,12.5g,5.0,http://bakucolle.com/archives/28442262.html
NewVestroia,≪帥ゃ,Altair,Haos,Unknown,32mm,12.5g,6.0,http://bakucolle.com/archives/15168589.html
NewVestroia,祉≪帥ゃ,Haos Altair,Haos,740G,32mm,12.5g,7.0,http://bakucolle.com/archives/29653411.html
NewVestroia,≪帥ゃ,Altair,Darkus,660G,32mm,12.5g,6.0,http://bakucolle.com/archives/12998281.html
NewVestroia,≪≪祉ゃ≪若,Aquos Wired,Aquos,520G,32mm,12.0g,3.0,http://bakucolle.com/archives/13000733.html
NewVestroia,若ｃ鴻祉ゃ≪若,Ventus Wired,Ventus,200G/480G,32mm,12.0g,3.0,http://bakucolle.com/archives/25111131.html
NewVestroia,ゃ≪若,Wired,Pyrus,600G,32mm,11.5g,5.0,http://bakucolle.com/archives/11396768.html
NewVestroia,眼＜祉ゃ≪若,Pyrus Wired,Pyrus,530G/750G,32mm,12.0g,6.0,http://bakucolle.com/archives/11396819.html
NewVestroia,≪≪祉ゃ≪若,Wired,Aquos,630G,32mm,11.5g,5.0,http://bakucolle.com/archives/20332966.html
NewVestroia,≪≪祉ゃ≪若 (＜若娯罕),Aquos Wired,Aquos,690G,32mm,12.0g,5.0,http://bakucolle.com/archives/29332894.html
NewVestroia,ゃ≪若,Wired,Aquos,600G,32mm,12.5g,7.0,http://bakucolle.com/archives/25526162.html
NewVestroia,ゃ≪若,Wired,Ventus,450G,32mm,11.5g,5.0,http://bakucolle.com/archives/25111191.html
NewVestroia,祉ゃ≪若,Haos Wired,Haos,620G,32mm,12.0g,7.0,http://bakucolle.com/archives/25025676.html
NewVestroia,祉ゃ≪若,Haos Wired,Haos,620G,32mm,11.5g,7.0,http://bakucolle.com/archives/29653255.html
NewVestroia,с潟泣,Fencer,Pyrus,480G,32mm,14.0g,4.0,http://bakucolle.com/archives/12236707.html
NewVestroia,祉с潟泣,Haos Fencer,Haos,440G/560G,32mm,14.0g,3.0,http://bakucolle.com/archives/15166926.html
NewVestroia,眼＜祉с潟泣,Fencer,Pyrus,530G,32mm,14.0g,4.0,http://bakucolle.com/archives/11394539.html
NewVestroia,с潟泣,Fencer,Pyrus,500G,32mm,14.0g,7.0,http://bakucolle.com/archives/11012167.html
NewVestroia,≪≪祉с潟泣,Aquos Fencer,Aquos,550G/620G,32mm,13.5g,4.0,http://bakucolle.com/archives/20336688.html
NewVestroia,≪≪祉с潟泣,Fencer,Aquos,560G,32mm,14.0g,7.0,http://bakucolle.com/archives/20336740.html
NewVestroia,с潟泣,Fencer,Aquos,630G,32mm,14.0g,5.0,http://bakucolle.com/archives/22703064.html
NewVestroia,с潟泣,Fencer,Aquos,Unknown,32mm,14.0g,7.0,http://bakucolle.com/archives/12985615.html
NewVestroia,若ｃ鴻祉с潟泣,Ventus Fencer,Ventus,520G,32mm,14.0g,8.0,http://bakucolle.com/archives/29331892.html
NewVestroia,若ｃ鴻祉с潟泣,Fencer,Ventus,520G,32mm,14.0g,6.0,http://bakucolle.com/archives/25112063.html
NewVestroia,泣祉с潟泣,Subterra Fencer,Subterra,590G/650G,32mm,13.5g,4.0,http://bakucolle.com/archives/25177754.html
NewVestroia,祉с潟泣,Haos Fencer,Haos,630G,32mm,14.0g,7.0,http://bakucolle.com/archives/29331934.html
NewVestroia,с潟泣 (＜若娯罕),Fencer,Haos,610G,32mm,13.5g,5.0,http://bakucolle.com/archives/15166481.html
NewVestroia,若潟祉с潟泣,Darkus Fencer,Darkus,680G,32mm,14.0g,7.0,http://bakucolle.com/archives/29331814.html
NewVestroia,с潟泣,Fencer,Darkus,680G,32mm,14.0g,7.0,http://bakucolle.com/archives/12999237.html
NewVestroia,с潟泣,Fencer,Darkus,Unknown,32mm,14.0g,6.0,http://bakucolle.com/archives/25042432.html
NewVestroia,с潟泣,Fencer,Clear,1250G,32mm,14.0g,7.0,http://bakucolle.com/archives/15167051.html
NewVestroia,с潟泣,Fencer,Clear,530G,32mm,14.5g,6.0,http://bakucolle.com/archives/15167083.html
NewVestroia,若ｃ鴻祉鴻,Ventus Foxbat,Ventus,500G/520G,32mm,12.5g,3.0,http://bakucolle.com/archives/25102985.html
NewVestroia,鴻,Foxbat,Darkus,420G,32mm,13.0g,4.0,http://bakucolle.com/archives/12236807.html
NewVestroia,眼＜祉鴻,Pyrus Foxbat,Pyrus,650G,32mm,12.0g,8.0,http://bakucolle.com/archives/29331683.html
NewVestroia,鴻,Foxbat,Pyrus,630G,32mm,13.0g,6.0,http://bakucolle.com/archives/11393899.html
NewVestroia,鴻,Foxbat,Ventus,600G,32mm,12.5g,6.0,http://bakucolle.com/archives/25103037.html
NewVestroia,鴻,Foxbat,Ventus,630G,32mm,12.5g,5.0,http://bakucolle.com/archives/25103043.html
NewVestroia,鴻,Foxbat,Subterra,490G/550G/610G,32mm,12.5g,6.0,http://bakucolle.com/archives/25177529.html
NewVestroia,鴻,Foxbat,Subterra,540G,32mm,12.5g,5.0,http://bakucolle.com/archives/25177568.html
NewVestroia,鴻,Foxbat,Subterra,780G,32mm,12.5g,5.0,http://bakucolle.com/archives/25177552.html
NewVestroia,鴻,Foxbat,Haos,540G/650G,32mm,12.5g,5.0,http://bakucolle.com/archives/15166460.html
NewVestroia,鴻,Foxbat,Darkus,570G,32mm,12.0g,5.0,http://bakucolle.com/archives/12998951.html
NewVestroia,鴻,Foxbat,Darkus,570G,32mm,13.0g,7.0,http://bakucolle.com/archives/12999135.html
NewVestroia,鴻,Foxbat,Darkus,750G,32mm,12.5g,5.0,http://bakucolle.com/archives/15921809.html
NewVestroia,鴻,Foxbat,Darkus,590G,32mm,13.0g,7.0,http://bakucolle.com/archives/11012093.html
NewVestroia,潟若,Klawgor,Ventus,420G,32mm,12.0g,4.0,http://bakucolle.com/archives/12236913.html
NewVestroia,眼＜祉潟若,Pyrus Klawgor,Pyrus,620G,32mm,12.0g,5.0,http://bakucolle.com/archives/29331691.html
NewVestroia,潟若,Klawgor,Pyrus,610G,32mm,11.0g,7.0,http://bakucolle.com/archives/19418721.html
NewVestroia,眼＜祉潟若 (＜若娯罕),Klawgor,Pyrus,640G,32mm,11.5g,5.0,http://bakucolle.com/archives/11394356.html
NewVestroia,≪≪祉潟若,Aquos Klawgor,Aquos,530G/460G/660G,32mm,11.0g,5.0,http://bakucolle.com/archives/20336816.html
NewVestroia,若ｃ鴻祉潟若,Ventus Klawgor,Ventus,540G,32mm,12.0g,5.0,http://bakucolle.com/archives/27844186.html
NewVestroia,潟若,Klawgor,Ventus,590G,32mm,12.0g,7.0,http://bakucolle.com/archives/11012051.html
NewVestroia,泣祉潟若,Klawgor,Subterra,540G,32mm,11.5g,5.0,http://bakucolle.com/archives/25177903.html
NewVestroia,潟若,Klawgor,Haos,670G,32mm,11.0g,5.0,http://bakucolle.com/archives/15166420.html
NewVestroia,若潟祉潟若,Darkus Klawgor,Darkus,700G,32mm,11.5g,8.0,http://bakucolle.com/archives/29331754.html
NewVestroia,潟若,Klawgor,Darkus,550G,32mm,12.0g,6.0,http://bakucolle.com/archives/12998889.html
NewVestroia,鴻ゃ,Scraper,Subterra,400G,32mm,12.0g,4.0,http://bakucolle.com/archives/12236819.html
NewVestroia,眼＜祉鴻ゃ,Pyrus Scraper,Pyrus,550G/570G,32mm,11.5g,5.0,http://bakucolle.com/archives/26570076.html
NewVestroia,≪≪祉鴻ゃ,Scraper,Aquos,540G/550G,32mm,11.5g,5.0,http://bakucolle.com/archives/20336876.html
NewVestroia,鴻ゃ,Scraper,Aquos,580G,32mm,11.5g,7.0,http://bakucolle.com/archives/19418867.html
NewVestroia,鴻ゃ,Scraper,Ventus,500G,32mm,11.5g,5.0,http://bakucolle.com/archives/25103087.html
NewVestroia,鴻ゃ,Scraper,Ventus,620G,32mm,11.5g,5.0,http://bakucolle.com/archives/25103107.html
NewVestroia,若ｃ鴻祉鴻ゃ,Ventus Scraper,Ventus,730G,32mm,12.5g,7.0,http://bakucolle.com/archives/29653217.html
NewVestroia,鴻ゃ,Scraper,Subterra,660G,32mm,12.0g,7.0,http://bakucolle.com/archives/11012007.html
NewVestroia,若潟祉鴻ゃ,Darkus Scraper,Darkus,490G,32mm,11.5g,5.0,http://bakucolle.com/archives/29366145.html
NewVestroia,若,Leefram,Aquos,440G,32mm,12.0g,4.0,http://bakucolle.com/archives/12237061.html
NewVestroia,≪≪祉若,Aquos Leefram,Aquos,500G,32mm,11.5g,5.0,http://bakucolle.com/archives/29331453.html
NewVestroia,若,Leefram,Aquos,570G,32mm,12.0g,7.0,http://bakucolle.com/archives/11011946.html
NewVestroia,若,Leefram,Ventus,490G/700G,32mm,11.5g,6.0,http://bakucolle.com/archives/25103063.html
NewVestroia,若,Leefram,Subterra,600G,32mm,11.5g,6.0,http://bakucolle.com/archives/25177910.html
NewVestroia,祉若 (＜若娯罕),Haos Leefram,Haos,600G,32mm,11.5g,7.0,http://bakucolle.com/archives/29331432.html
NewVestroia,祉若,Haos Leefram,Haos,570G,32mm,11.5g,8.0,http://bakucolle.com/archives/29331512.html
NewVestroia,若,Leefram,Darkus,500G/650G,32mm,12.0g,6.0,http://bakucolle.com/archives/12998732.html
NewVestroia,若,Leefram,Clear,660G,32mm,11.5g,7.0,http://bakucolle.com/archives/29331574.html
NewVestroia,眼＜祉鴻潟,Pyrus Spindle,Pyrus,540G,32mm,11.5g,3.0,http://bakucolle.com/archives/11394098.html
NewVestroia,鴻潟,Spindle,Haos,460G,32mm,11.5g,4.0,http://bakucolle.com/archives/12237011.html
NewVestroia,眼＜祉鴻潟,Spindle,Pyrus,710G,32mm,11.5g,4.0,http://bakucolle.com/archives/11394151.html
NewVestroia,眼＜祉鴻潟,PYRUS Spindle,Pyrus,710G,32mm,12.5g,7.0,http://bakucolle.com/archives/27068697.html
NewVestroia,眼＜祉鴻潟,Spindle,Pyrus,710G,32mm,12.0g,6.0,http://bakucolle.com/archives/11394243.html
NewVestroia,≪≪祉鴻潟,Spindle,Aquos,480G/610G,32mm,11.5g,4.0,http://bakucolle.com/archives/20336771.html
NewVestroia,若ｃ鴻祉鴻潟,Spindle,Ventus,720G,32mm,11.5g,6.0,http://bakucolle.com/archives/25111891.html
NewVestroia,若ｃ鴻祉鴻潟,Ventus Spindle,Ventus,500G,32mm,12.5g,6.0,http://bakucolle.com/archives/29366169.html
NewVestroia,泣祉鴻潟,Subterra Spindle,Subterra,480G,32mm,11.5g,7.0,http://bakucolle.com/archives/29331602.html
NewVestroia,祉鴻潟,Haos Spindle,Haos,600G,32mm,11.5g,7.0,http://bakucolle.com/archives/26832869.html
NewVestroia,鴻潟,Spindle,Haos,550G,32mm,12.0g,5.0,http://bakucolle.com/archives/15166539.html
NewVestroia,鴻潟,Spindle,Haos,550G,32mm,12.0g,7.0,http://bakucolle.com/archives/11011635.html
NewVestroia,祉≪≪,Haos Atmos,Haos,340G/480G/500G,32mm,12.5g,3.0,http://bakucolle.com/archives/15166732.html
NewVestroia,≪≪ (＜若娯罕),Atmos,Pyrus,650G,32mm,12.5g,5.0,http://bakucolle.com/archives/11393532.html
NewVestroia,≪≪祉≪≪ (＜若娯罕),Aquos Atmos,Aquos,570G/680G/780G,32mm,12.5g,5.0,http://bakucolle.com/archives/20321377.html
NewVestroia,≪≪祉≪≪,Atmos,Aquos,720G,32mm,13.5g,6.0,http://bakucolle.com/archives/20321533.html
NewVestroia,≪≪祉≪≪,Atmos,Aquos,550G,32mm,13.5g,6.0,http://bakucolle.com/archives/20321436.html
NewVestroia,泣祉≪≪ (＜若娯罕),Subterra Atmos,Subterra,540G,32mm,12.5g,6.0,http://bakucolle.com/archives/29332914.html
NewVestroia,祉≪≪ (＜若娯罕),Haos Atmos,Haos,620G,32mm,12.5g,5.0,http://bakucolle.com/archives/27384610.html
NewVestroia,≪≪,Atmos,Clear,570G,32mm,13.5g,6.0,http://bakucolle.com/archives/25177298.html
NewVestroia,≪≪祉≪鴻＜,Aquos Abis omega,Aquos,240G,32mm,11.5g,4.0,http://bakucolle.com/archives/20249492.html
NewVestroia,≪鴻＜,Abis omega,Aquos,520G,32mm,11.0g,4.0,http://bakucolle.com/archives/20249548.html
NewVestroia,若ｃ鴻祉≪鴻＜,Abis omega,Ventus,360G/380G,32mm,11.5g,4.0,http://bakucolle.com/archives/25103847.html
NewVestroia,眼＜祉≪鴻＜ (＜若娯罕),Pyrus Abis Omega,Pyrus,530G/560G/650G,32mm,11.5g,5.0,http://bakucolle.com/archives/11393264.html
NewVestroia,≪鴻＜,Abis Omega,Pyrus,560G,32mm,11.5g,6.0,http://bakucolle.com/archives/11393119.html
NewVestroia,≪鴻＜,Abis Omega,Pyrus,760G,32mm,11.5g,6.0,http://bakucolle.com/archives/11539944.html
NewVestroia,≪鴻＜,Abis Omega,Pyrus,660G,32mm,12.0g,6.0,http://bakucolle.com/archives/11393220.html
NewVestroia,≪鴻＜,Abis Omega,Aquos,450G,32mm,11.0g,6.0,http://bakucolle.com/archives/20335323.html
NewVestroia,≪鴻＜ (＜若娯罕),Abis Omega,Aquos,740G,32mm,11.5g,5.0,http://bakucolle.com/archives/20335340.html
NewVestroia,≪鴻＜,Abis Omega,Aquos,Unknown,32mm,11.5g,6.0,http://bakucolle.com/archives/12985437.html
NewVestroia,≪鴻＜,Abis Omega,Aquos,660G,32mm,11.5g,5.0,http://bakucolle.com/archives/20335378.html
NewVestroia,≪鴻＜,Abis Omega,Ventus,820G,32mm,11.5g,6.0,http://bakucolle.com/archives/25103908.html
NewVestroia,≪鴻＜,Abis Omega,Ventus,750G,32mm,11.5g,5.0,http://bakucolle.com/archives/25103883.html
NewVestroia,≪鴻＜,Abis Omega,Subterra,Unknown,32mm,12.0g,5.0,http://bakucolle.com/archives/25177410.html
NewVestroia,≪鴻＜ (＜若娯罕),Abis Omega,Subterra,620G,32mm,11.5g,5.0,http://bakucolle.com/archives/25177367.html
NewVestroia,≪鴻＜ (＜若娯罕),Abis Omega,Haos,750G,32mm,11.5g,5.0,http://bakucolle.com/archives/15165494.html
NewVestroia,≪鴻＜,Abis Omega,Haos,720G,32mm,12.0g,6.0,http://bakucolle.com/archives/15168121.html
NewVestroia,≪鴻＜,Abis Omega,Clear,530G/750G,32mm,12.0g,5.0,http://bakucolle.com/archives/15168083.html
NewVestroia,≪鴻＜,Abis Omega,Clear,720G,32mm,12.0g,5.0,http://bakucolle.com/archives/15168057.html
NewVestroia,祉若吟,Haos Freezer,Haos,400G,32mm,13.5g,4.0,http://bakucolle.com/archives/15165765.html
NewVestroia,若潟祉若吟,Freezer,Darkus,540G,32mm,14.0g,4.0,http://bakucolle.com/archives/12998594.html
NewVestroia,若吟,Freezer,Ventus,700G,32mm,14.0g,7.0,http://bakucolle.com/archives/25111740.html
NewVestroia,若潟祉若吟,Darkus Freezer,Darkus,760G/780G,32mm,13.5g,6.0,http://bakucolle.com/archives/27384666.html
NewVestroia,若吟,Freezer,Clear,710G,32mm,14.0g,5.0,http://bakucolle.com/archives/15168686.html
NewVestroia,若潟祉≪鴻若,Darkus Moskeeto,Darkus,400G/440G/450G/500G,32mm,12.0g,3.0,http://bakucolle.com/archives/12997683.html
NewVestroia,≪鴻若,Moskeeto,Pyrus,520G,32mm,12.5g,5.0,http://bakucolle.com/archives/11394716.html
NewVestroia,≪鴻若,Moskeeto,Ventus,580G/700G,32mm,12.0g,5.0,http://bakucolle.com/archives/25111641.html
NewVestroia,≪鴻若,Moskeeto,Ventus,740G,32mm,12.5g,6.0,http://bakucolle.com/archives/25111646.html
NewVestroia,≪鴻若,Moskeeto,Darkus,650G/740G,32mm,12.5g,5.0,http://bakucolle.com/archives/12997772.html
NewVestroia,≪鴻若,Moskeeto,Clear,710G,32mm,12.5g,5.0,http://bakucolle.com/archives/15168183.html
NewVestroia,≪鴻若,Moskeeto,Clear,730G,32mm,12.0g,5.0,http://bakucolle.com/archives/25025555.html
NewVestroia,≪≪祉鴻帥,Aquos Stug,Aquos,480G,32mm,12.0g,4.0,http://bakucolle.com/archives/17961393.html
NewVestroia,眼＜祉鴻帥,Pyrus Stug,Pyrus,760G,32mm,13.0g,6.0,http://bakucolle.com/archives/11393084.html
NewVestroia,鴻帥,Stug,Ventus,790G,32mm,13.0g,6.0,http://bakucolle.com/archives/25103928.html
NewVestroia,泣祉鴻帥,Subterra Stug,Subterra,700G/760G,32mm,12.5g,5.0,http://bakucolle.com/archives/25177414.html
NewVestroia,泣祉鴻帥 (＜若娯罕),Subterra Stug,Subterra,700G/800G,32mm,12.0g,4.0,http://bakucolle.com/archives/26572886.html
NewVestroia,泣祉鴻帥,Subterra Stug,Subterra,630G,32mm,12.5g,6.0,http://bakucolle.com/archives/29332866.html
NewVestroia,鴻帥 (＜若娯罕),Stug,Haos,590G,32mm,12.0g,5.0,http://bakucolle.com/archives/15164284.html
NewVestroia,鴻帥,Stug,Haos,600G,32mm,12.5g,5.0,http://bakucolle.com/archives/25025617.html
NewVestroia,祉鴻≪,Haos Verias,Clear,500G,32mm,14.5g,3.0,http://bakucolle.com/archives/15166810.html
NewVestroia,≪≪祉鴻≪ (＜若娯罕),Verias,Aquos,510G/630G,32mm,14.0g,5.0,http://bakucolle.com/archives/20335476.html
NewVestroia,≪≪祉鴻≪,Verias,Aquos,510G,32mm,14.0g,5.0,http://bakucolle.com/archives/20335509.html
NewVestroia,≪≪祉鴻≪,Verias,Aquos,510G/740G,32mm,14.0g,5.0,http://bakucolle.com/archives/20335550.html
NewVestroia,若ｃ鴻祉鴻≪,Verias,Ventus,680G,32mm,14.0g,5.0,http://bakucolle.com/archives/25103976.html
NewVestroia,若ｃ鴻祉鴻≪ (＜若娯罕),Ventus Verias,Ventus,650G,32mm,14.0g,5.0,http://bakucolle.com/archives/29332760.html
NewVestroia,若ｃ鴻祉鴻≪,Ventus Verias,Ventus,650G,32mm,14.5g,6.0,http://bakucolle.com/archives/29332735.html
NewVestroia,祉鴻≪,Verias,Clear,630G/740G/750G,32mm,14.5g,5.0,http://bakucolle.com/archives/15166858.html
NewVestroia,眼＜潟,Vandarus,Aquos,480G,32mm,16.0g,3.0,http://bakucolle.com/archives/7388764.html
NewVestroia,眼＜潟,Vandarus,Pyrus,620G,32mm,15.5g,5.0,http://bakucolle.com/archives/11396159.html
NewVestroia,眼＜潟,Vandarus,Aquos,660G,32mm,15.5g,5.0,http://bakucolle.com/archives/25025473.html
NewVestroia,若ｃ鴻祉眼＜潟,Ventus Vandarus,Ventus,800G,32mm,15.5g,5.0,http://bakucolle.com/archives/28479793.html
NewVestroia,眼＜潟,Vandarus,Subterra,640G,32mm,15.5g,5.0,http://bakucolle.com/archives/25176250.html
NewVestroia,眼＜潟,Vandarus,Darkus,Unknown,32mm,15.5g,5.0,http://bakucolle.com/archives/12985788.html
NewVestroia,,Preyas,Clear,460G-360G/480G-280G,32mm,13.0g,3.0,http://bakucolle.com/archives/7390447.html
NewVestroia,,ゃ祉ゃ激,Clear,Unknown,,,,http://bakucolle.com/archives/7411168.html
GundalianInvaders,,鴻祉眼ゃ,Clear,Unknown,,,,http://bakucolle.com/archives/7652314.html
GundalianInvaders,眼＜祉鴻祉眼ゃ,Pyrus Helix Dragonoid,Pyrus,520G/540G/560G/580G,32mm,14.5g,3.0,http://bakucolle.com/archives/8420423.html
GundalianInvaders,ゃ若祉 眼ゃ,Evil Helix Dragonoid,Pyrus,560G,32mm,14.5g,3.0,http://bakucolle.com/archives/8420111.html
GundalianInvaders,祉眼ゃ,Helix Dragonoid,Aquos,520G,32mm,14.5g,3.0,http://bakucolle.com/archives/8569967.html
GundalianInvaders,祉眼ゃ,Helix Dragonoid,Ventus,500G,32mm,14.5g,3.0,http://bakucolle.com/archives/8466047.html
GundalianInvaders,祉眼ゃ,Helix Dragonoid,Haos,520G,32mm,14.0g,3.0,http://bakucolle.com/archives/8653542.html
GundalianInvaders,祉眼ゃ,Helix Dragonoid,Darkus,500G,32mm,14.5g,3.0,http://bakucolle.com/archives/8533098.html
GundalianInvaders,眼＜祉鴻眼ゃ,Pyrus Helix Dragonoid,Pyrus,600G/690G/700G/710G/720G/740G/750G/800G/850G,32mm,14.5g,5.0,http://bakucolle.com/archives/8421101.html
GundalianInvaders,眼＜祉鴻祉眼ゃ,Pyrus Helix Dragonoid,Pyrus,850G,32mm,15.0g,7.0,http://bakucolle.com/archives/29366632.html
GundalianInvaders,鴻眼ゃ,Helix Dragonoid,Pyrus,720G/740G,32mm,14.5g,7.0,http://bakucolle.com/archives/6724390.html
GundalianInvaders,ゃ若祉 眼ゃ,Evil Helix Dragonoid,Pyrus,680G,32mm,14.5g,5.0,http://bakucolle.com/archives/8420219.html
GundalianInvaders,眼ゃ(＜若鴻≪),Dragonoid,Pyrus,Unknown,,,,http://bakucolle.com/archives/7037190.html
GundalianInvaders,鴻祉眼ゃ,Helix Dragonoid,Pyrus,Unknown,32mm,14.5g,9.0,http://bakucolle.com/archives/25085155.html
GundalianInvaders,≪≪祉鴻眼ゃ,Aquos Helix Dragonoid,Aquos,640G/730G/760G,32mm,14.5g,5.0,http://bakucolle.com/archives/8451020.html
GundalianInvaders,若ｃ鴻祉鴻祉眼ゃ,Ventus Helix Dragonoid,Ventus,640G/720G/770G,32mm,14.5g,5.0,http://bakucolle.com/archives/8466965.html
GundalianInvaders,鴻祉眼ゃ,Helix Dragonoid,Ventus,740G,32mm,14.5g,7.0,http://bakucolle.com/archives/6723768.html
GundalianInvaders,鴻祉眼ゃ,Helix Dragonoid,Subterra,730G/750G,32mm,14.5g,5.0,http://bakucolle.com/archives/8492330.html
GundalianInvaders,祉鴻祉眼ゃ,Haos Helix Dragonoid,Haos,630G/650G/750G/770G,32mm,14.5g,5.0,http://bakucolle.com/archives/8654653.html
GundalianInvaders,鴻祉眼ゃ,Helix Dragonoid,Clear,770G/850G/900G,32mm,14.5g,7.0,http://bakucolle.com/archives/8657233.html
GundalianInvaders,眼＜祉ゃ冴祉眼ゃ,Pyrus Lumino Dragonoid,Pyrus,560G,32mm,15.5g,3.0,http://bakucolle.com/archives/8424806.html
GundalianInvaders,眼＜祉ゃ冴祉眼ゃ,Pyrus Lumino Dragonoid,Pyrus,560G,32mm,15.5g,3.0,http://bakucolle.com/archives/8424571.html
GundalianInvaders,≪≪祉ゃ冴祉眼ゃ篋腮,Aquos Lumino Dragonoid,Aquos,Unknown,32mm,15.5g,3.0,http://bakucolle.com/archives/8533322.html
GundalianInvaders,若潟祉ゃ冴祉眼ゃ篋腮,Darkus Lumino Dragonoid,Darkus,580G,32mm,15.5g,3.0,http://bakucolle.com/archives/8533270.html
GundalianInvaders,眼＜祉ゃ冴祉眼ゃ,Pyrus Lumino Dragonoid,Pyrus,870G,32mm,15.5g,5.0,http://bakucolle.com/archives/8424827.html
GundalianInvaders,眼＜祉ゃ冴祉眼ゃ,Pyrus Lumino Dragonoid,Pyrus,630G/780G/870G,32mm,15.5g,5.0,http://bakucolle.com/archives/8424698.html
GundalianInvaders,≪≪祉ゃ冴祉眼ゃ,Aquos Lumino Dragonoid,Aquos,880G,32mm,15.5g,5.0,http://bakucolle.com/archives/8450866.html
GundalianInvaders,若ｃ鴻祉ゃ冴祉眼ゃ,Ventus Lumino Dragonoid,Ventus,810G,32mm,15.5g,7.0,http://bakucolle.com/archives/29649316.html
GundalianInvaders,泣祉ゃ冴祉眼ゃ,Subterra Lumino Dragonoid,Subterra,Unknown,32mm,15.5g,6.0,http://bakucolle.com/archives/25527691.html
GundalianInvaders,ゃ冴眼ゃ,Lumino Dragonoid,Subterra,780G,32mm,,7.0,http://bakucolle.com/archives/6724260.html
GundalianInvaders,祉ゃ冴祉眼ゃ,Haos Lumino Dragonoid,Haos,750G,32mm,15.5g,5.0,http://bakucolle.com/archives/8654814.html
GundalianInvaders,眼＜祉祉眼ゃ,Pyrus Blitz Dragonoid,Pyrus,700G+(50G)860G+(40G)890G+(10G),32mm,14.5g,8.0,http://bakucolle.com/archives/8421794.html
GundalianInvaders,祉眼ゃ,Blitz Dragonoid,Aquos,730G+40G,32mm,14.5g,7.0,http://bakucolle.com/archives/8452265.html
GundalianInvaders,若ｃ鴻祉祉眼ゃ,Ventus Blitz Dragonoid,Ventus,(840G+60G)(680G+70G),32mm,14.5g,6.0,http://bakucolle.com/archives/8467145.html
GundalianInvaders,鴻&ゃ 祉眼ゃ,Sky & Gaia Dragonoid,Pyrus,700G+680G/700G+860G,32mm,9.0g+7.5g,5.0,http://bakucolle.com/archives/8421515.html
GundalianInvaders,鴻&ゃ 祉眼ゃ,Sky & Gaia Dragonoid,Subterra,750G+780G,32mm,9.0g+7.5g,5.0,http://bakucolle.com/archives/8493344.html
GundalianInvaders,鴻&ゃ 祉眼ゃ,Sky & Gaia Dragonoid,Darkus,760G+40G,32mm,9.0g+7.5g,6.0,http://bakucolle.com/archives/14735831.html
GundalianInvaders,吾с潟祉眼ゃ,Battalix Dragonoid,Pyrus,770G,32mm,16.5g,5.0,http://bakucolle.com/archives/8426773.html
GundalianInvaders,,Dharak,Pyrus,540G,32mm,12.5g,3.0,http://bakucolle.com/archives/8424955.html
GundalianInvaders,≪≪祉,Aquos Dharak,Aquos,570G,32mm,13.0g,4.0,http://bakucolle.com/archives/8451484.html
GundalianInvaders,,Dharak,Darkus,520G/560G,32mm,12.5g,3.0,http://bakucolle.com/archives/8533060.html
GundalianInvaders,眼＜祉,Pyrus Dharak,Pyrus,700G,32mm,13.0g,5.0,http://bakucolle.com/archives/29366337.html
GundalianInvaders,眼＜祉,Pyrus Dharak,Pyrus,770G,32mm,13.5g,7.0,http://bakucolle.com/archives/29366402.html
GundalianInvaders,,Dharak,Aquos,780G,32mm,12.5g,5.0,http://bakucolle.com/archives/8451245.html
GundalianInvaders,≪≪祉,Aquos Dharak,Aquos,870G,32mm,13.0g,7.0,http://bakucolle.com/archives/6723495.html
GundalianInvaders,若ｃ鴻祉,Ventus Dharak,Ventus,700G/750G,32mm,12.5g,5.0,http://bakucolle.com/archives/25527590.html
GundalianInvaders,,Dharak,Subterra,620G,32mm,12.5g,5.0,http://bakucolle.com/archives/25147766.html
GundalianInvaders,,Dharak,Haos,640G,32mm,13.0g,6.0,http://bakucolle.com/archives/8655907.html
GundalianInvaders,,Dharak,Haos,Unknown,,,,http://bakucolle.com/archives/7682742.html
GundalianInvaders,祉,Haos Dharak,Haos,750G,32mm,13.5g,7.0,http://bakucolle.com/archives/6718904.html
GundalianInvaders,若潟祉,Darkus Dharak,Darkus,600G/610G/750G800G/810G/930G,32mm,13.5g,5.0,http://bakucolle.com/archives/8542455.html
GundalianInvaders,若潟祉,Darkus Dharak,Darkus,720G,32mm,13.5g,7.0,http://bakucolle.com/archives/8543160.html
GundalianInvaders,≪＜若ャ,Alpha Hydranoid,Darkus,Unknown,,,,http://bakucolle.com/archives/7037374.html
GundalianInvaders,,Dharak,Darkus,Unknown,32mm,13.5g,9.0,http://bakucolle.com/archives/25085319.html
GundalianInvaders,,Dharak,Clear,780G,32mm,13.0g,8.0,http://bakucolle.com/archives/15923313.html
GundalianInvaders,≪≪祉＜潟祉,Aquos Phantom Dharak,Aquos,670G+80G,32mm,14.5g,6.0,http://bakucolle.com/archives/8451618.html
GundalianInvaders,＜潟祉,Phantom Dharak,Haos,800G+50G,32mm,13.5g,6.0,http://bakucolle.com/archives/8655126.html
GundalianInvaders,若潟祉＜潟祉,Darkus Phantom Dharak,Darkus,700G+(50G)820G+(100G),32mm,14.5g,8.0,http://bakucolle.com/archives/13241994.html
GundalianInvaders,ゃ若祉,Brawlacus Dharak,Darkus,600G,32mm,14.0g,4.0,http://bakucolle.com/archives/25526067.html
GundalianInvaders,ゃ若祉,Brawlacus Dharak,Darkus,750G,32mm,14.0g,6.0,http://bakucolle.com/archives/8542883.html
GundalianInvaders,若ｃ鴻祉若帥,Ventus Hawktor,Ventus,520G/540G/560G,32mm,13.0g,3.0,http://bakucolle.com/archives/8465923.html
GundalianInvaders,若帥,Hawktor,Haos,520G,32mm,13.0g,3.0,http://bakucolle.com/archives/8653471.html
GundalianInvaders,眼＜祉若帥,Pyrus Hawktor,Pyrus,650G/780G,32mm,13.0g,5.0,http://bakucolle.com/archives/14734854.html
GundalianInvaders,≪≪祉若帥,Aquos Hawktor,Aquos,700G,32mm,12.5g,5.0,http://bakucolle.com/archives/26571836.html
GundalianInvaders,若帥,Hawktor,Ventus,650G/850G,32mm,13.5g,5.0,http://bakucolle.com/archives/8467538.html
GundalianInvaders,祉若帥,Haos Hawktor,Haos,650G/670G,32mm,13.0g,5.0,http://bakucolle.com/archives/15922235.html
GundalianInvaders,若帥,Hawktor,Darkus,800G,32mm,13.5g,5.0,http://bakucolle.com/archives/8544475.html
GundalianInvaders,若帥,Hawktor,Darkus,Unknown,32mm,14.0g,8.0,http://bakucolle.com/archives/25042250.html
GundalianInvaders,,Akwimos,Aquos,560G,32mm,14.5g,3.0,http://bakucolle.com/archives/8448233.html
GundalianInvaders,,Akwimos,Pyrus,Unknown,32mm,15.0g,6.0,http://bakucolle.com/archives/25527652.html
GundalianInvaders,≪≪祉,Aquos Akwimos,Aquos,570G/800G,32mm,15.0g,5.0,http://bakucolle.com/archives/25147892.html
GundalianInvaders,,Akwimos,Darkus,790G,32mm,14.0g,7.0,http://bakucolle.com/archives/14734510.html
GundalianInvaders,,Akwimos,Clear,800G,32mm,15.0g,7.0,http://bakucolle.com/archives/8657091.html
GundalianInvaders,潟≪,Coredem,Subterra,560G/580G,32mm,15.0g,3.0,http://bakucolle.com/archives/8491727.html
GundalianInvaders,潟≪,Coredem,Darkus,560G,32mm,14.5g,3.0,http://bakucolle.com/archives/8533495.html
GundalianInvaders,鴻鴻祉潟≪,Coredem,Darkus,560G,32mm,15.0g,3.0,http://bakucolle.com/archives/8533615.html
GundalianInvaders,潟≪,Coredem,Pyrus,610G/710G,32mm,14.5g,5.0,http://bakucolle.com/archives/8426002.html
GundalianInvaders,潟≪,Coredem,Pyrus,730G,32mm,15.0g,6.0,http://bakucolle.com/archives/8426067.html
GundalianInvaders,潟≪,Coredem,Aquos,780G,32mm,14.0g,6.0,http://bakucolle.com/archives/8452401.html
GundalianInvaders,潟≪,Coredem,Aquos,740G,32mm,15.0g,6.0,http://bakucolle.com/archives/8452500.html
GundalianInvaders,潟≪,Coredem,Ventus,640G/770G,32mm,15.0g,5.0,http://bakucolle.com/archives/25147855.html
GundalianInvaders,泣祉潟≪,Subterra Coredem,Subterra,680G/710G/750G,32mm,14.5g,5.0,http://bakucolle.com/archives/8492426.html
GundalianInvaders,ゃ若祉潟≪,Evil Coredem,Subterra,700G,32mm,14.5g,5.0,http://bakucolle.com/archives/27385237.html
GundalianInvaders,泣祉潟≪,Subterra Coredem,Subterra,750G,32mm,15.0g,6.0,http://bakucolle.com/archives/8492498.html
GundalianInvaders,潟≪,Coredem,Haos,610G/790G,32mm,15.0g,5.0,http://bakucolle.com/archives/8655044.html
GundalianInvaders,潟≪,Coredem,Darkus,680G,32mm,14.5g,6.0,http://bakucolle.com/archives/8543869.html
GundalianInvaders,潟≪,Coredem,Darkus,760G,32mm,,7.0,http://bakucolle.com/archives/6719087.html
GundalianInvaders,祉≪若,Haos Aranaut,Haos,560G/580G,32mm,15.5g,3.0,http://bakucolle.com/archives/8653626.html
GundalianInvaders,≪若,Aranaut,Pyrus,730G,32mm,15.5g,5.0,http://bakucolle.com/archives/8426898.html
GundalianInvaders,≪≪祉≪若,Aquos Aranaut,Aquos,650G/770G/780G,32mm,15.5g,5.0,http://bakucolle.com/archives/8452213.html
GundalianInvaders,≪若,Aranaut,Ventus,700G,32mm,15.5g,5.0,http://bakucolle.com/archives/8467082.html
GundalianInvaders,泣祉≪若,Subterra Aranaut,Subterra,740G,32mm,15.5g,5.0,http://bakucolle.com/archives/8492218.html
GundalianInvaders,祉≪若,Haos Aranaut,Haos,680G/770G/800G,32mm,15.0g,5.0,http://bakucolle.com/archives/8654998.html
GundalianInvaders,祉≪若,Haos Aranaut,Haos,740G,32mm,15.5g,7.0,http://bakucolle.com/archives/8657887.html
GundalianInvaders,≪若,Aranaut,Darkus,720G,32mm,15.5g,5.0,http://bakucolle.com/archives/15921759.html
GundalianInvaders,≪若,Aranaut,Darkus,810G,32mm,,7.0,http://bakucolle.com/archives/6722689.html
GundalianInvaders,ゃ潟,Linehalt,Pyrus,520G,32mm,14.5g,3.0,http://bakucolle.com/archives/8424314.html
GundalianInvaders,ゃ潟,Linehalt,Subterra,560G,32mm,14.5g,3.0,http://bakucolle.com/archives/8491995.html
GundalianInvaders,ゃ潟,Linehalt,Darkus,560G,32mm,14.5g,3.0,http://bakucolle.com/archives/8533426.html
GundalianInvaders,眼＜祉ゃ潟,Pyrus Linehalt,Pyrus,670G/850G,32mm,14.5g,5.0,http://bakucolle.com/archives/8424391.html
GundalianInvaders,ゃ潟,Linehalt,Aquos,870G/880G,32mm,14.5g,5.0,http://bakucolle.com/archives/12680876.html
GundalianInvaders,≪≪祉ゃ潟,Aquos Linehalt,Aquos,880G,32mm,14.5g,7.0,http://bakucolle.com/archives/26545088.html
GundalianInvaders,若ｃ鴻祉ゃ潟,Ventus Linehalt,Ventus,800G,32mm,14.5g,5.0,http://bakucolle.com/archives/26545054.html
GundalianInvaders,ゃ潟,Linehalt,Ventus,800G,32mm,14.5g,7.0,http://bakucolle.com/archives/8469031.html
GundalianInvaders,泣祉ゃ潟,Subterra Linehalt,Subterra,640G/680G/730G/800G,32mm,14.5g,5.0,http://bakucolle.com/archives/8493195.html
GundalianInvaders,ゃ潟,Linehalt,Haos,Unknown,32mm,14.5g,7.0,http://bakucolle.com/archives/25036589.html
GundalianInvaders,若潟祉ゃ潟,Darkus Linehalt,Darkus,750G/800G,32mm,14.5g,5.0,http://bakucolle.com/archives/8536959.html
GundalianInvaders,＜潟,Lumagrowl,Haos,560G,32mm,14.0g,3.0,http://bakucolle.com/archives/8666334.html
GundalianInvaders,眼＜祉＜潟,Pyrus Lumagrowl,Pyrus,650G/760G/800G,32mm,14.0g,5.0,http://bakucolle.com/archives/8425776.html
GundalianInvaders,≪≪祉＜潟,Aquos Lumagrowl,Aquos,600G/730G,32mm,14.0g,5.0,http://bakucolle.com/archives/8452694.html
GundalianInvaders,＜潟,Lumagrowl,Ventus,780G,32mm,14.0g,5.0,http://bakucolle.com/archives/8467651.html
GundalianInvaders,若ｃ鴻祉＜潟,Ventus Lumagrowl,Ventus,730G,32mm,14.5g,6.0,http://bakucolle.com/archives/29649431.html
GundalianInvaders,祉＜潟,Haos Lumagrowl,Haos,700G,32mm,14.5g,5.0,http://bakucolle.com/archives/8656026.html
GundalianInvaders,＜潟,Lumagrowl,Darkus,700G,32mm,14.0g,6.0,http://bakucolle.com/archives/8543310.html
GundalianInvaders,＜潟,Lumagrowl,Clear,700G,32mm,15.0g,7.0,http://bakucolle.com/archives/8657284.html
GundalianInvaders,,Krakix,Pyrus,540G/560G,32mm,14.0g,3.0,http://bakucolle.com/archives/8425287.html
GundalianInvaders,眼＜祉,Pyrus Krakix,Pyrus,740G/780G,32mm,14.0g,5.0,http://bakucolle.com/archives/19417996.html
GundalianInvaders,,Krakix,Pyrus,790G,32mm,14.0g,7.0,http://bakucolle.com/archives/14734560.html
GundalianInvaders,,Krakix,Aquos,Unknown,32mm,14.5g,6.0,http://bakucolle.com/archives/25527683.html
GundalianInvaders,,Krakix,Ventus,620G,32mm,14.0g,5.0,http://bakucolle.com/archives/8467264.html
GundalianInvaders,,Krakix,Haos,750G/800G,32mm,14.5g,5.0,http://bakucolle.com/archives/8656148.html
GundalianInvaders,,Krakix,Clear,820G,32mm,14.5g,7.0,http://bakucolle.com/archives/8656757.html
GundalianInvaders,ゃ,Strikeflier,Ventus,540G,32mm,13.5g,3.0,http://bakucolle.com/archives/8466447.html
GundalianInvaders,ゃ,Strikeflier,Pyrus,750G,32mm,13.5g,5.0,http://bakucolle.com/archives/8425880.html
GundalianInvaders,ゃ,Strikeflier,Pyrus,Unknown,32mm,13.5g,7.0,http://bakucolle.com/archives/25343176.html
GundalianInvaders,ゃ,Strikeflier,Aquos,650G,32mm,13.5g,5.0,http://bakucolle.com/archives/8451095.html
GundalianInvaders,若ｃ鴻祉ゃ,Ventus Strikeflier,Ventus,660G/780G,32mm,13.5g,5.0,http://bakucolle.com/archives/8467895.html
GundalianInvaders,ゃ,Strikeflier,Subterra,630G/730G,32mm,13.5g,5.0,http://bakucolle.com/archives/25147757.html
GundalianInvaders,祉ゃ,Haos Strikeflier,Haos,630G/780G,32mm,13.5g,5.0,http://bakucolle.com/archives/12236456.html
GundalianInvaders,ゃ,Strikeflier,Haos,770G,32mm,13.5g,7.0,http://bakucolle.com/archives/6715998.html
GundalianInvaders,ゃ,Strikeflier,Darkus,730G/770G,32mm,13.5g,5.0,http://bakucolle.com/archives/8536864.html
GundalianInvaders,ゃ,Strikeflier,Clear,780G,32mm,14.0g,8.0,http://bakucolle.com/archives/27385303.html
GundalianInvaders,≪≪祉冴,Aquos Lithirus,Aquos,540G,32mm,13.5g,3.0,http://bakucolle.com/archives/8449565.html
GundalianInvaders,冴,Lithirus,Aquos,Unknown,32mm,13.5g,7.0,http://bakucolle.com/archives/25042808.html
GundalianInvaders,眼＜祉冴,Pyrus Lythirus,Pyrus,720G/800G,32mm,14.0g,5.0,http://bakucolle.com/archives/14735471.html
GundalianInvaders,冴,Lythirus,Pyrus,Unknown,32mm,14.0g,7.0,http://bakucolle.com/archives/25343191.html
GundalianInvaders,≪≪祉冴,Aquos Lythirus,Aquos,650G/800G/850G,32mm,14.0g,5.0,http://bakucolle.com/archives/25147908.html
GundalianInvaders,冴,Lythirus,Aquos,850G,32mm,14.5g,8.0,http://bakucolle.com/archives/8597017.html
GundalianInvaders,冴,Lythirus,Ventus,800G,32mm,13.5g,5.0,http://bakucolle.com/archives/8467476.html
GundalianInvaders,泣祉冴,Subterra Lythirus,Subterra,840G,32mm,14.0g,5.0,http://bakucolle.com/archives/14735437.html
GundalianInvaders,若潟祉冴,Darkus Lythirus,Darkus,640G,32mm,14.0g,5.0,http://bakucolle.com/archives/27385381.html
GundalianInvaders,ｃ,Sabator,Subterra,560G,32mm,13.5g,3.0,http://bakucolle.com/archives/8491859.html
GundalianInvaders,ｃ,Sabator,Clear,540G,32mm,16.0g,5.0,http://bakucolle.com/archives/8653939.html
GundalianInvaders,ｃ,Sabator,Pyrus,770G/1100G,32mm,15.5g,7.0,http://bakucolle.com/archives/8427325.html
GundalianInvaders,ｃ,Sabator,Aquos,Unknown,32mm,15.5g,7.0,http://bakucolle.com/archives/25527556.html
GundalianInvaders,ｃ,Sabator,Ventus,800G,32mm,15.5g,5.0,http://bakucolle.com/archives/8468958.html
GundalianInvaders,泣祉ｃ,Subterra Sabator,Subterra,650G/740G/750G/800G/830G/1200G,32mm,15.5g,5.0,http://bakucolle.com/archives/8492083.html
GundalianInvaders,ｃ,Sabator,Haos,650G,32mm,15.0g,6.0,http://bakucolle.com/archives/8654907.html
GundalianInvaders,ｃ,Sabator,Clear,Unknown,32mm,15.5g,8.0,http://bakucolle.com/archives/25042241.html
GundalianInvaders,眼＜祉≪ゃ,Pyrus Rubanoid,Pyrus,520G/540G/560G/580G,32mm,13.5g,3.0,http://bakucolle.com/archives/8425162.html
GundalianInvaders,≪ゃ,Rubanoid,Haos,580G,32mm,13.0g,3.0,http://bakucolle.com/archives/8654014.html
GundalianInvaders,眼＜祉≪ゃ,Pyrus Rubanoid,Pyrus,750G,32mm,12.5g,5.0,http://bakucolle.com/archives/29212036.html
GundalianInvaders,≪≪祉≪ゃ,Aquos Rubanoid,Aquos,Unknown,32mm,g,5.0,http://bakucolle.com/archives/29211927.html
GundalianInvaders,≪≪祉≪ゃ,Aquos Rubanoid,Aquos,Unknown,32mm,13.0g,7.0,http://bakucolle.com/archives/26570011.html
GundalianInvaders,≪≪祉≪ゃ,Aquos Rubanoid,Aquos,890G,32mm,12.5g,7.0,http://bakucolle.com/archives/27385805.html
GundalianInvaders,≪ゃ,Rubanoid,Ventus,780G,32mm,12.5g,6.0,http://bakucolle.com/archives/14735054.html
GundalianInvaders,≪ゃ,Rubanoid,Ventus,Unknown,32mm,13.0g,8.0,http://bakucolle.com/archives/25045369.html
GundalianInvaders,泣祉≪ゃ,Subterra Rubanoid,Subterra,800G,32mm,12.5g,5.0,http://bakucolle.com/archives/27385521.html
GundalianInvaders,泣祉≪ゃ,Subterra Rubanoid,Subterra,800G,32mm,13.5g,7.0,http://bakucolle.com/archives/26570043.html
GundalianInvaders,祉≪ゃ,Haos Rubanoid,Haos,630G/740G/800G/900G,32mm,12.5g,6.0,http://bakucolle.com/archives/8654575.html
GundalianInvaders,若潟祉≪ゃ,Darkus Rubanoid,Darkus,690G\790G/920G,32mm,12.5g,6.0,http://bakucolle.com/archives/13241547.html
GundalianInvaders,≪ゃ,Rubanoid,Darkus,850G,32mm,14.0g,6.0,http://bakucolle.com/archives/8543548.html
GundalianInvaders,眼＜祉,Pyrus Phosphos,Pyrus,540G,32mm,15.0g,3.0,http://bakucolle.com/archives/29366451.html
GundalianInvaders,,Phosphos,Aquos,540G,32mm,14.5g,3.0,http://bakucolle.com/archives/8449771.html
GundalianInvaders,,Phosphos,Ventus,500G,32mm,14.5g,3.0,http://bakucolle.com/archives/8466130.html
GundalianInvaders,,Phosphos,Haos,500G,32mm,15.0g,3.0,http://bakucolle.com/archives/8653805.html
GundalianInvaders,若ｃ鴻祉,Ventus Phosphos,Ventus,670G+(80G)750G,32mm,14.5g,5.0,http://bakucolle.com/archives/8468077.html
GundalianInvaders,,Phosphos,Subterra,700G,32mm,14.5g,5.0,http://bakucolle.com/archives/8493264.html
GundalianInvaders,,Phosphos,Haos,780G,32mm,14.5g,5.0,http://bakucolle.com/archives/15922333.html
GundalianInvaders,潟潟鴻帥,Contestir,Haos,540G,32mm,15.0g,3.0,http://bakucolle.com/archives/8653753.html
GundalianInvaders,潟潟鴻帥,Contestir,Pyrus,850G,32mm,15.5g,5.0,http://bakucolle.com/archives/13241472.html
GundalianInvaders,≪≪祉潟潟鴻帥,Aquos Contestir,Aquos,770G,32mm,15.5g,6.0,http://bakucolle.com/archives/29366561.html
GundalianInvaders,≪≪祉潟潟鴻帥,Aquos Contestir,Aquos,860G,32mm,15.5g,7.0,http://bakucolle.com/archives/6723301.html
GundalianInvaders,若ｃ鴻祉潟潟鴻帥,Ventus Contestir,Ventus,670G/910G,32mm,15.5g,5.0,http://bakucolle.com/archives/8467797.html
GundalianInvaders,潟潟鴻帥,Contestir,Subterra,750G/910G,32mm,15.5g,5.0,http://bakucolle.com/archives/14735254.html
GundalianInvaders,祉潟潟鴻帥,Haos Contestir,Haos,Unknown,32mm,15.5g,4.0,http://bakucolle.com/archives/26570003.html
GundalianInvaders,潟潟鴻帥,Contestir,Haos,Unknown,32mm,15.5g,7.0,http://bakucolle.com/archives/25343201.html
GundalianInvaders,若潟祉潟潟鴻帥,Darkus Contestir,Darkus,630G,32mm,15.5g,5.0,http://bakucolle.com/archives/15921732.html
GundalianInvaders,ゃ眼ｃ,Avior,Pyrus,540G,32mm,13.5g,3.0,http://bakucolle.com/archives/8425074.html
GundalianInvaders,ゃ眼ｃ,Avior,Ventus,500G,32mm,13.5g,3.0,http://bakucolle.com/archives/8570019.html
GundalianInvaders,ゃ眼ｃ,Avior,Subterra,560G,32mm,13.5g,3.0,http://bakucolle.com/archives/8491779.html
GundalianInvaders,ゃ眼ｃ,Avior,Pyrus,630G,32mm,13.5g,5.0,http://bakucolle.com/archives/8569850.html
GundalianInvaders,ゃ眼ｃ,Avior,Pyrus,Unknown,32mm,13.5g,7.0,http://bakucolle.com/archives/25343074.html
GundalianInvaders,ゃ眼ｃ,Avior,Aquos,740G,32mm,13.5g,5.0,http://bakucolle.com/archives/8450821.html
GundalianInvaders,ゃ眼ｃ,Avior,Ventus,870G+30G,32mm,13.5g,5.0,http://bakucolle.com/archives/8467005.html
GundalianInvaders,ゃ眼ｃ,Avior,Subterra,780G,32mm,13.5g,5.0,http://bakucolle.com/archives/8492190.html
GundalianInvaders,泣祉ゃ眼ｃ,Subterra Avior,Subterra,800G,32mm,,7.0,http://bakucolle.com/archives/6722959.html
GundalianInvaders,祉ゃ眼ｃ,Haos Avior,Haos,600G,32mm,13.5g,5.0,http://bakucolle.com/archives/27385288.html
GundalianInvaders,若潟祉ゃ眼ｃ,Darkus Avior,Darkus,710G/790G800G+(80G),32mm,13.5g,5.0,http://bakucolle.com/archives/14735340.html
GundalianInvaders,ゃ眼ｃ,Avior,Clear,800G,32mm,14.0g,7.0,http://bakucolle.com/archives/8657672.html
GundalianInvaders,若ｃ鴻祉激,Ventus Plitheon,Ventus,520G/540G,32mm,14.5g,8.0,http://bakucolle.com/archives/8465837.html
GundalianInvaders,眼＜祉激,Pyrus Plitheon,Pyrus,770G,32mm,14.5g,6.0,http://bakucolle.com/archives/27385479.html
GundalianInvaders,≪≪祉激,Aquos Plitheon,Aquos,840G,32mm,14.5g,9.0,http://bakucolle.com/archives/29366762.html
GundalianInvaders,泣祉激,Subterra Plitheon,Subterra,650G,32mm,14.5g,6.0,http://bakucolle.com/archives/27561208.html
GundalianInvaders,祉激,Haos Plitheon,Haos,840G,32mm,14.5g,6.0,http://bakucolle.com/archives/8655805.html
GundalianInvaders,若潟祉激,Darkus Plitheon,Darkus,820G,32mm,14.5g,7.0,http://bakucolle.com/archives/27385498.html
GundalianInvaders,鴻帥,Luxtor,Ventus,520G,32mm,15.0g,3.0,http://bakucolle.com/archives/8465989.html
GundalianInvaders,鴻帥,Luxtor,Pyrus,30G+720G,32mm,15.0g,7.0,http://bakucolle.com/archives/8427495.html
GundalianInvaders,≪≪祉鴻帥,Aquos Luxtor,Aquos,840G+(50G)750G,32mm,15.0g,5.0,http://bakucolle.com/archives/8452109.html
GundalianInvaders,若ｃ鴻祉鴻帥,Ventus Luxtor,Ventus,660G/820G,32mm,15.0g,5.0,http://bakucolle.com/archives/8469194.html
GundalianInvaders,鴻帥,Luxtor,Haos,700G,32mm,15.0g,5.0,http://bakucolle.com/archives/8656095.html
GundalianInvaders,若潟祉鴻帥,Darkus Luxtor,Darkus,720G/800G,32mm,15.0g,5.0,http://bakucolle.com/archives/8569891.html
GundalianInvaders,＜潟眼ゃ,Fangoid,Pyrus,520G,32mm,13.5g,3.0,http://bakucolle.com/archives/8424901.html
GundalianInvaders,＜潟眼ゃ,Fangoid,Subterra,520G,32mm,13.5g,3.0,http://bakucolle.com/archives/8493075.html
GundalianInvaders,＜潟眼ゃ,Fangoid,Darkus,560G,32mm,13.5g,3.0,http://bakucolle.com/archives/8533670.html
GundalianInvaders,＜潟眼ゃ,Fangoid,Ventus,850G,32mm,14.0g,5.0,http://bakucolle.com/archives/8656511.html
GundalianInvaders,泣祉＜潟眼ゃ,Subterra Fangoid,Subterra,690G,32mm,14.0g,5.0,http://bakucolle.com/archives/29366480.html
GundalianInvaders,祉＜潟眼ゃ,Haos Fangoid,Haos,800G,32mm,14.0g,5.0,http://bakucolle.com/archives/29366496.html
GundalianInvaders,若潟祉＜潟眼ゃ,Darkus Fangoid,Darkus,660G,32mm,14.0g,5.0,http://bakucolle.com/archives/12680805.html
GundalianInvaders,違,Gren,Aquos,540G,32mm,13.0g,3.0,http://bakucolle.com/archives/8448336.html
GundalianInvaders,違,Gren,Pyrus,Unknown,32mm,13.5g,6.0,http://bakucolle.com/archives/25036422.html
GundalianInvaders,違,Gren,Aquos,1100G,32mm,13.5g,6.0,http://bakucolle.com/archives/25025937.html
GundalianInvaders,違,Gren,Subterra,1300G,32mm,13.5g,6.0,http://bakucolle.com/archives/8492863.html
GundalianInvaders,鴻障ゃ,Snapzoid,Pyrus,540G,32mm,13.5g,3.0,http://bakucolle.com/archives/8419751.html
GundalianInvaders,眼＜祉鴻障ゃ,Pyrus Snapzoid,Pyrus,670G/730G,32mm,13.5g,5.0,http://bakucolle.com/archives/8419826.html
GundalianInvaders,≪≪祉鴻障ゃ,Aquos Snapzoid,Aquos,660G/700G/780G/800G,32mm,13.5g,5.0,http://bakucolle.com/archives/8450716.html
GundalianInvaders,鴻障ゃ,Snapzoid,Ventus,700G,32mm,13.5g,5.0,http://bakucolle.com/archives/14735296.html
GundalianInvaders,鴻障ゃ,Snapzoid,Subterra,720G/790G,32mm,13.5g,5.0,http://bakucolle.com/archives/8492580.html
GundalianInvaders,鴻障ゃ,Snapzoid,Darkus,770G,32mm,13.5g,5.0,http://bakucolle.com/archives/8544535.html
GundalianInvaders,鴻障ゃ,Snapzoid,Darkus,770G,32mm,14.0g,8.0,http://bakucolle.com/archives/25026951.html
GundalianInvaders,鴻障ゃ,Snapzoid,Clear,810G,32mm,14.0g,9.0,http://bakucolle.com/archives/29649666.html
GundalianInvaders,眼＜祉鴻,Pyrus Spidaro,Pyrus,540G,32mm,14.0g,3.0,http://bakucolle.com/archives/8417675.html
GundalianInvaders,若ｃ鴻祉鴻,Ventus Spidaro,Ventus,Unknown,32mm,14.0g,8.0,http://bakucolle.com/archives/29366701.html
GundalianInvaders,泣祉鴻,Subterra Spidaro,Subterra,850G/900G,32mm,14.5g,5.0,http://bakucolle.com/archives/8492637.html
GundalianInvaders,祉鴻,Haos Spidaro,Haos,770G,32mm,14.0g,6.0,http://bakucolle.com/archives/29649347.html
GundalianInvaders,鴻,Spidaro,Darkus,800G,32mm,14.5g,5.0,http://bakucolle.com/archives/8544100.html
GundalianInvaders,≪≪祉吾с,Aquos Jetro,Aquos,220G/830G,32mm,16.5g,6.0,http://bakucolle.com/archives/28479827.html
GundalianInvaders,吾с,Jetro,Aquos,Unknown,32mm,16.5g,6.0,http://bakucolle.com/archives/25042365.html
GundalianInvaders,若ｃ鴻祉吾с,Ventus Jetro,Ventus,750G,32mm,16.5g,6.0,http://bakucolle.com/archives/12899584.html
GundalianInvaders,吾с,Jetro,Subterra,650G,32mm,16.5g,6.0,http://bakucolle.com/archives/25147769.html
GundalianInvaders,吾с,Jetro,Haos,850G,32mm,16.5g,6.0,http://bakucolle.com/archives/8467846.html
GundalianInvaders,眼＜祉,Pyrus Ramdol,Pyrus,1020G/1050G,32mm,13.5g,5.0,http://bakucolle.com/archives/8417350.html
GundalianInvaders,,Ramdol,Aquos,1000G/1120G,32mm,13.5g,5.0,http://bakucolle.com/archives/8451182.html
GundalianInvaders,,Ramdol,Ventus,Unknown,32mm,13.5g,6.0,http://bakucolle.com/archives/25036395.html
GundalianInvaders,,Ramdol,Subterra,950G,32mm,13.5g,5.0,http://bakucolle.com/archives/14735927.html
GundalianInvaders,,Ramdol,Haos,1100G,32mm,13.5g,8.0,http://bakucolle.com/archives/14735970.html
GundalianInvaders,,Ramdol,Darkus,910G/1050G,32mm,13.5g,5.0,http://bakucolle.com/archives/7186043.html
GundalianInvaders,,Ramdol,Clear,1030G,32mm,14.0g,8.0,http://bakucolle.com/archives/25027043.html
GundalianInvaders,,Ramdol,Clear,Unknown,32mm,13.5g,7.0,http://bakucolle.com/archives/25036668.html
GundalianInvaders,＜,Megarus,Pyrus,1150G,32mm,12.0g,6.0,http://bakucolle.com/archives/8418094.html
GundalianInvaders,≪≪祉＜,Aquos Megarus,Aquos,980G/1130G,32mm,12.0g,6.0,http://bakucolle.com/archives/14735533.html
GundalianInvaders,若ｃ鴻祉＜,Ventus Megarus,Ventus,1100G,32mm,12.0g,6.0,http://bakucolle.com/archives/28442324.html
GundalianInvaders,＜,Megarus,Subterra,1180G,32mm,12.0g,6.0,http://bakucolle.com/archives/14735570.html
GundalianInvaders,＜,Megarus,Haos,1000G,32mm,12.0g,7.0,http://bakucolle.com/archives/14735610.html
GundalianInvaders,＜,Megarus,Darkus,1000G,32mm,12.0g,6.0,http://bakucolle.com/archives/25026012.html
GundalianInvaders,,Damakor,Pyrus,Unknown,32mm,13.5g,9.0,http://bakucolle.com/archives/25036563.html
GundalianInvaders,若ｃ鴻祉,Ventus Damakor,Ventus,950G,32mm,13.5g,6.0,http://bakucolle.com/archives/27561268.html
GundalianInvaders,泣祉,Subterra Damakor,Subterra,1000G/1150G,32mm,13.5g,6.0,http://bakucolle.com/archives/8493470.html
GundalianInvaders,,Damakor,Haos,930G/1120G,32mm,13.5g,6.0,http://bakucolle.com/archives/7185843.html
GundalianInvaders,,Damakor,Clear,Unknown,32mm,13.5g,9.0,http://bakucolle.com/archives/25041494.html
GundalianInvaders,眼＜祉鴻ゃ,Pyrus Scaboid,Pyrus,1280G,32mm,13.5g,6.0,http://bakucolle.com/archives/29366511.html
GundalianInvaders,鴻ゃ,Scaboid,Aquos,1100G,32mm,13.0g,6.0,http://bakucolle.com/archives/14735695.html
GundalianInvaders,鴻ゃ,Scaboid,Ventus,1150G,32mm,13.0g,6.0,http://bakucolle.com/archives/14735746.html
GundalianInvaders,鴻ゃ,Scaboid,Subterra,1300G,32mm,13.5g,6.0,http://bakucolle.com/archives/8493504.html
GundalianInvaders,鴻ゃ,Scaboid,Haos,1100G,32mm,13.0g,7.0,http://bakucolle.com/archives/14735761.html
GundalianInvaders,鴻ゃ,Scaboid,Darkus,1300G,32mm,13.5g,6.0,http://bakucolle.com/archives/8544623.html
GundalianInvaders,鴻ｃ,Nastix,Pyrus,Unknown,32mm,14.5g,9.0,http://bakucolle.com/archives/25036543.html
GundalianInvaders,≪≪祉鴻ｃ,Aquos Nastix,Aquos,1220G/1250G,32mm,14.5g,6.0,http://bakucolle.com/archives/12899487.html
GundalianInvaders,若ｃ鴻祉鴻ｃ,Ventus Nastix,Ventus,1100G/1250G,32mm,14.5g,6.0,http://bakucolle.com/archives/8469567.html
GundalianInvaders,若潟祉ゃ,Darkus Hakapoid,Darkus,440G,32mm,13.5g,3.0,http://bakucolle.com/archives/8534165.html
GundalianInvaders,ゃ,Hakapoid,Pyrus,620G,32mm,13.5g,5.0,http://bakucolle.com/archives/8417791.html
GundalianInvaders,若ｃ鴻祉ゃ,Ventus Hakapoid,Ventus,670G/820G,32mm,13.5g,5.0,http://bakucolle.com/archives/8469165.html
GundalianInvaders,ゃ,Hakapoid,Subterra,Unknown,32mm,13.5g,6.0,http://bakucolle.com/archives/25527580.html
GundalianInvaders,ゃ,Hakapoid,Haos,Unknown,32mm,13.5g,6.0,http://bakucolle.com/archives/25527573.html
GundalianInvaders,ゃ,Hakapoid,Darkus,650G,32mm,13.5g,5.0,http://bakucolle.com/archives/8544008.html
GundalianInvaders,ゃ,Hakapoid,Clear,820G,32mm,13.5g,8.0,http://bakucolle.com/archives/8656610.html
GundalianInvaders,≪祉,Aksela,Pyrus,580G,32mm,14.5g,3.0,http://bakucolle.com/archives/8569998.html
GundalianInvaders,≪祉,Aksela,Aquos,540G,32mm,14.5g,3.0,http://bakucolle.com/archives/8448439.html
GundalianInvaders,≪祉,Aksela,Aquos,700G/890G,32mm,14.5g,5.0,http://bakucolle.com/archives/8452612.html
GundalianInvaders,≪祉,Aksela,Ventus,Unknown,32mm,14.5g,5.0,http://bakucolle.com/archives/21639574.html
GundalianInvaders,≪祉,Aksela,Subterra,670G/700G,32mm,14.5g,5.0,http://bakucolle.com/archives/14735220.html
GundalianInvaders,ゃ,Lockanoid,Ventus,560G,32mm,15.0g,3.0,http://bakucolle.com/archives/8466254.html
GundalianInvaders,ゃ,Lockanoid,Darkus,560G,32mm,15.0g,3.0,http://bakucolle.com/archives/8535335.html
GundalianInvaders,若ｃ鴻祉ゃ,Ventus Lockanoid,Ventus,740G,32mm,15.0g,6.0,http://bakucolle.com/archives/29366429.html
GundalianInvaders,祉ゃ,Haos Lockanoid,Haos,720G/860G,32mm,15.0g,6.0,http://bakucolle.com/archives/25025958.html
GundalianInvaders,ゃ,Lockanoid,Darkus,800G,32mm,15.0g,5.0,http://bakucolle.com/archives/8544402.html
GundalianInvaders,ゃ,Lockanoid,Clear,900G,32mm,15.5g,9.0,http://bakucolle.com/archives/8657396.html
GundalianInvaders,ゃ,Lockanoid,Clear,Unknown,32mm,15.0g,7.0,http://bakucolle.com/archives/25036688.html
GundalianInvaders,潟,Rickoran,Subterra,490G,32mm,13.5g,3.0,http://bakucolle.com/archives/8492772.html
GundalianInvaders,眼＜祉潟,Pyrus Rickoran,Pyrus,850G,32mm,13.5g,5.0,http://bakucolle.com/archives/27385342.html
GundalianInvaders,≪≪祉潟,Aquos Rickoran,Aquos,880G/1150G,32mm,13.5g,5.0,http://bakucolle.com/archives/27385354.html
GundalianInvaders,潟,Rickoran,Ventus,910G,32mm,13.5g,5.0,http://bakucolle.com/archives/8469127.html
GundalianInvaders,,Olifus,Pyrus,950G,32mm,14.0g,6.0,http://bakucolle.com/archives/8417929.html
GundalianInvaders,≪≪祉,Aquos Olifus,Aquos,1130G,32mm,14.0g,6.0,http://bakucolle.com/archives/29649330.html
GundalianInvaders,,Olifus,Haos,1100G,32mm,14.0g,6.0,http://bakucolle.com/archives/13241515.html
GundalianInvaders,,Olifus,Darkus,950G/1150G,32mm,14.0g,6.0,http://bakucolle.com/archives/8544593.html
GundalianInvaders,≪≪祉若≪若,Aquos Dartaak,Aquos,50G+650G/100G+800G,,9.5g+17.0g,6.0,http://bakucolle.com/archives/8452854.html
GundalianInvaders,若≪若,Dartaak,Ventus,(780G+70G),,9.5g+17.0g,5.0,http://bakucolle.com/archives/15922376.html
GundalianInvaders,若≪若,Dartaak,Darkus,680G+70G,,9.5g+17.0g,6.0,http://bakucolle.com/archives/8691273.html
GundalianInvaders,若潟祉鴻激,Zeon Hylash,Pyrus,800G,,23.0g,6.0,http://bakucolle.com/archives/8427669.html
GundalianInvaders,≪≪祉若潟祉鴻激,Aquos Zeon Hylash,Aquos,780G,,23.0g,6.0,http://bakucolle.com/archives/27561285.html
GundalianInvaders,若潟祉鴻激,Zeon Hylash,Ventus,700G/800G,,23.0g,6.0,http://bakucolle.com/archives/8469301.html
GundalianInvaders,若潟祉鴻激,Zeon Hylash,Darkus,670G,,23.0g,6.0,http://bakucolle.com/archives/8691243.html
GundalianInvaders,ゃ,Lumitroid,Pyrus,Unknown,32mm,,6.0,http://bakucolle.com/archives/6685534.html
GundalianInvaders,祉ゃ,Haos Lumitroid,Haos,750G,32mm,15.5g,7.0,http://bakucolle.com/archives/6694874.html
GundalianInvaders,＜鴻,Farakspin,Pyrus,720G,32mm,14.0g,5.0,http://bakucolle.com/archives/6674538.html
GundalianInvaders,≪≪祉＜鴻,Aquos Farakspin,Aquos,750G/900G,32mm,14.0g,5.0,http://bakucolle.com/archives/8569788.html
GundalianInvaders,＜鴻,Farakspin,Subterra,700G,32mm,14.0g,5.0,http://bakucolle.com/archives/8569758.html
GundalianInvaders,＜鴻,Farakspin,Haos,Unknown,32mm,14.0g,5.0,http://bakucolle.com/archives/6682564.html
GundalianInvaders,＜鴻,Farakspin,Darkus,750G,32mm,14.0g,5.0,http://bakucolle.com/archives/12680607.html
GundalianInvaders,ｃ潟鴻祉眼ゃ,Chance Dragonoid,Pyrus,850G/700G/650G/550G/500G/400G,32mm,,6.0,http://bakucolle.com/archives/6673798.html
GundalianInvaders,ｃ潟鴻祉眼ゃ,Chance Dragonoid,Ventus,(450G-530G-600G-670G-730G-820G),32mm,13.0+(1.0g),6.0,http://bakucolle.com/archives/25147962.html
GundalianInvaders,ｃ潟鴻祉眼ゃ,Chance Dragonoid,Subterra,Unknown,32mm,,5.0,http://bakucolle.com/archives/7087684.html
GundalianInvaders,ｃ潟鴻祉眼ゃ,Chance Dragonoid,Haos,820G/770G/700G/600G/500G/400G,32mm,,6.0,http://bakucolle.com/archives/6673983.html
GundalianInvaders,ゃ祉眼ゃ,Quake Dragonoid,Aquos,940G,32mm,,6.0,http://bakucolle.com/archives/6687856.html
GundalianInvaders,ゃ祉眼ゃ,Quake Dragonoid,Ventus,950G,32mm,,6.0,http://bakucolle.com/archives/7086455.html
GundalianInvaders,ゃ祉眼ゃ,Quake Dragonoid,Subterra,970G,32mm,14.0g,6.0,http://bakucolle.com/archives/6687646.html
GundalianInvaders,吟,Clawsaurus,Aquos,730G,32mm,14.0g,5.0,http://bakucolle.com/archives/7087300.html
GundalianInvaders,吟,Clawsaurus,Subterra,750G,32mm,,5.0,http://bakucolle.com/archives/6674256.html
GundalianInvaders,吟,Clawsaurus,Haos,740G,32mm,14.0g,5.0,http://bakucolle.com/archives/6674101.html
GundalianInvaders,吟,Clawsaurus,Darkus,730G,32mm,14.0g,5.0,http://bakucolle.com/archives/7087226.html
GundalianInvaders,違ゃ,Glotronoid,Ventus,760G,32mm,,6.0,http://bakucolle.com/archives/6682664.html
GundalianInvaders,違ゃ,Glotronoid,Subterra,750G,32mm,14.5g,6.0,http://bakucolle.com/archives/25148081.html
GundalianInvaders,鴻ゃ,Splight,Aquos,1000G,32mm,,6.0,http://bakucolle.com/archives/6688491.html
GundalianInvaders,,Raptorix,Pyrus,750G,32mm,,6.0,http://bakucolle.com/archives/6687955.html
GundalianInvaders,祉,Haos Raptorix,Haos,830G,32mm,15.0g,6.0,http://bakucolle.com/archives/29649266.html
GundalianInvaders,若潟祉,Darkus Raptorix,Darkus,780G,32mm,15.0g,6.0,http://bakucolle.com/archives/27844586.html
GundalianInvaders,鴻ｃ祉ｃ潟泣,Mystic Chancer,Haos,750G/700G/650G/600G/500G,32mm,12.5g+(1.0g),6.0,http://bakucolle.com/archives/6686381.html
GundalianInvaders,鴻ｃ祉ｃ潟泣,Mystic Chancer,Darkus,Unknown,32mm,12.5g+(1.0g),6.0,http://bakucolle.com/archives/12680742.html
GundalianInvaders,≪≪祉＜,Aquos Merlix,Aquos,180G-280G-340G-350G-380G-600G,32mm,,3.0,http://bakucolle.com/archives/7086781.html
GundalianInvaders,＜,Merlix,Pyrus,750G/700G/700G\650G\600G\500G,32mm,,6.0,http://bakucolle.com/archives/7086664.html
GundalianInvaders,≪≪祉＜,Aquos Merlix,Aquos,Unknown,32mm,g,6.0,http://bakucolle.com/archives/29212004.html
GundalianInvaders,泣祉＜,Subterra Merlix,Subterra,(550G-580G-600G-680G-700G-750G),32mm,,6.0,http://bakucolle.com/archives/6685887.html
GundalianInvaders,潟違,Longfly,Pyrus,1150G,32mm,15.0g,7.0,http://bakucolle.com/archives/12899680.html
GundalianInvaders,祉潟違,Haos Longfly,Haos,1100G,32mm,15.0g,7.0,http://bakucolle.com/archives/18721554.html
GundalianInvaders,潟違,Longfly,Darkus,1200G,32mm,,7.0,http://bakucolle.com/archives/6685496.html
GundalianInvaders,≪激,Apexeon,Aquos,800G,32mm,,8.0,http://bakucolle.com/archives/7087502.html
GundalianInvaders,≪激,Apexeon,Darkus,810G,32mm,,8.0,http://bakucolle.com/archives/6671569.html
GundalianInvaders,潟,Cobrakus,Subterra,900G,32mm,14.0g,6.0,http://bakucolle.com/archives/22732695.html
GundalianInvaders,潟,Cobrakus,Haos,780G,32mm,14.0g,6.0,http://bakucolle.com/archives/7087071.html
GundalianInvaders,潟,Cobrakus,Darkus,790G,32mm,,6.0,http://bakucolle.com/archives/6674339.html
GundalianInvaders,眼＜祉若吟,Pyrus Breezak,Pyrus,Unknown,32mm,g,5.0,http://bakucolle.com/archives/29211957.html
GundalianInvaders,≪≪祉若吟,Aquos Breezak,Aquos,810G,32mm,,5.0,http://bakucolle.com/archives/7088036.html
GundalianInvaders,若ｃ鴻祉若吟,Ventus Breezak,Ventus,810G,32mm,,5.0,http://bakucolle.com/archives/29211859.html
GundalianInvaders,祉若吟,Haos Breezak,Haos,Unknown,32mm,,9.0,http://bakucolle.com/archives/6672314.html
GundalianInvaders,若潟祉若吟,Darkus Breezak,Darkus,780G,32mm,,5.0,http://bakucolle.com/archives/6672570.html
GundalianInvaders,眼＜祉ゃ鴻眼若,Pyrus Quakix Gorem,Pyrus,850G,32mm,16.0g,6.0,http://bakucolle.com/archives/25713705.html
GundalianInvaders,若ｃ鴻祉ゃ鴻眼若,Ventus Quakix Gorem,Ventus,840G,32mm,16.0g,6.0,http://bakucolle.com/archives/12899633.html
GundalianInvaders,泣祉ゃ鴻眼若,Subterra Quakix Gorem,Subterra,870G,32mm,16.0g,7.0,http://bakucolle.com/archives/12680533.html
GundalianInvaders,祉≪鴻眼若,Haos Quakix Gorem,Haos,880G,32mm,16.0g,6.0,http://bakucolle.com/archives/25713671.html
GundalianInvaders,ゃ鴻,Irisca,Aquos,900G,32mm,15.5g,9.0,http://bakucolle.com/archives/6683452.html
GundalianInvaders,吾若帥,Ziperator,Pyrus,1050G,32mm,,7.0,http://bakucolle.com/archives/6692062.html
GundalianInvaders,吾若帥,Ziperator,Aquos,1100G,32mm,21.5g,7.0,http://bakucolle.com/archives/25148064.html
GundalianInvaders,ゃゃ吟,Gyrazor,Ventus,850G,32mm,,6.0,http://bakucolle.com/archives/6683154.html
GundalianInvaders,泣祉ゃゃ吟,Subterra Gyrazor,Subterra,860G,32mm,15.0g,6.0,http://bakucolle.com/archives/29366529.html
GundalianInvaders,ゃゃ吟,Gyrazor,Darkus,850G,32mm,,6.0,http://bakucolle.com/archives/7086937.html
GundalianInvaders,眼＜祉,Pyrus Venoclaw,Pyrus,880G,32mm,15.5g,6.0,http://bakucolle.com/archives/25026069.html
GundalianInvaders,≪≪祉,Aquos Venoclaw,Aquos,340G/860G,32mm,15.5g,6.0,http://bakucolle.com/archives/6690775.html
GundalianInvaders,祉,Haos Venoclaw,Haos,330G/870G,32mm,15.5g,6.0,http://bakucolle.com/archives/7086165.html
GundalianInvaders,,Venoclaw,Clear,Unknown,32mm,,7.0,http://bakucolle.com/archives/7086288.html
GundalianInvaders,冴祉若,Buz Hornix,Ventus,860G,32mm,12.5g,10.0,http://bakucolle.com/archives/17906523.html
GundalianInvaders,冴祉若,Buz Hornix,Subterra,870G,32mm,,10.0,http://bakucolle.com/archives/6673586.html
GundalianInvaders,冴祉若,Buz Hornix,Darkus,850G,32mm,,10.0,http://bakucolle.com/archives/6673380.html
GundalianInvaders,障ゃ,Volt Elezoid,Haos,870G,32mm,13.5g+(1.5g),10.0,http://bakucolle.com/archives/6690982.html
GundalianInvaders,鴻ゃ吟,Sprayzer,Ventus,880G,32mm,13.5g,9.0,http://bakucolle.com/archives/12680372.html
GundalianInvaders,鴻ゃ吟,Sprayzer,Haos,880G,32mm,13.5g,9.0,http://bakucolle.com/archives/12899891.html
GundalianInvaders,鴻ゃ吟,Sprayzer,Darkus,900G,32mm,13.5g,9.0,http://bakucolle.com/archives/12680327.html
GundalianInvaders,純,Vilantor Gear,Clear,Unknown,,Bakugan Delux Battle Gear,6.0,http://bakucolle.com/archives/7623141.html
